,Id,target,O2_1,O2_2,O2_3,O2_4,O2_5,O2_6,O2_7,NH4_1,NH4_2,NH4_3,NH4_4,NH4_5,NH4_6,NH4_7,NO2_1,NO2_2,NO2_3,NO2_4,NO2_5,NO2_6,NO2_7,NO3_1,NO3_2,NO3_3,NO3_4,NO3_5,NO3_6,NO3_7,BOD5_1,BOD5_2,BOD5_3,BOD5_4,BOD5_5,BOD5_6,BOD5_7
0,-1.5692983655575963,1.1709287918069775,0.17043506918096277,0.01398787274258041,-1.4503383214407268e-15,0.0,0.0,-1.2603012058649779e-15,-1.0529383633796975e-15,0.2225736919922142,0.6472109737788173,0.0,0.0,5.21209314175732e-16,4.1582232089914154e-16,-3.7216958725577257e-16,-0.12707204173004266,-0.13892782752052313,0.0,-3.4247806969477734e-16,-2.0901235711123245e-16,-2.722944529134265e-16,0.0,-0.5488409690304019,-0.5777980298476049,6.178833578533086e-16,0.0,4.2618945840929717e-16,-3.1779744506618205e-16,0.0,-0.08537631207620881,0.47637068786422165,-9.398381539975777e-16,0.0,0.0,-5.554684130120523e-16,-4.681639824092465e-16
1,-1.5228700427875104,0.05509752377789913,0.27296230716951114,0.4319503454518663,-1.4503383214407268e-15,0.0,0.0,-1.2603012058649779e-15,-1.0529383633796975e-15,0.2662875128002207,0.10941878146060528,0.0,0.0,5.21209314175732e-16,4.1582232089914154e-16,-3.7216958725577257e-16,-0.4339227070023153,-0.3471457389659814,0.0,-3.4247806969477734e-16,-2.0901235711123245e-16,-2.722944529134265e-16,0.0,-0.6757795933421776,-0.98040407942584,6.178833578533086e-16,0.0,4.2618945840929717e-16,-3.1779744506618205e-16,0.0,0.448460001404903,0.9736310094005454,-9.398381539975777e-16,0.0,0.0,-5.554684130120523e-16,-4.681639824092465e-16
2,-1.5073939351974817,-0.2994656828855461,-0.21193121837632894,-0.33656129791682016,-1.4503383214407268e-15,0.0,0.0,-1.2603012058649779e-15,-1.0529383633796975e-15,3.544824073400709,2.6447248309607474,0.0,0.0,5.21209314175732e-16,4.1582232089914154e-16,-3.7216958725577257e-16,-0.07520995745867258,-0.09070894276473283,0.0,-3.4247806969477734e-16,-2.0901235711123245e-16,-2.722944529134265e-16,0.0,-0.6311795361515536,-0.8294268108340018,6.178833578533086e-16,0.0,4.2618945840929717e-16,-3.1779744506618205e-16,0.0,-0.8762449246408202,-1.1138526754245286,-9.398381539975777e-16,0.0,0.0,-5.554684130120523e-16,-4.681639824092465e-16
3,-1.4919178276074532,0.12461972116288879,-0.08407372159060975,-0.6331798269363134,-1.4503383214407268e-15,0.0,0.0,-1.2603012058649779e-15,-1.0529383633796975e-15,0.014933043154183343,0.024054941410095565,0.0,0.0,5.21209314175732e-16,4.1582232089914154e-16,-3.7216958725577257e-16,-0.5419687159010028,-0.33837866901038316,0.0,-3.4247806969477734e-16,-2.0901235711123245e-16,-2.722944529134265e-16,0.0,-0.8884875584051531,-1.0307298356231194,6.178833578533086e-16,0.0,4.2618945840929717e-16,-3.1779744506618205e-16,0.0,1.3480730481971464,1.0846942284238865,-9.398381539975777e-16,0.0,0.0,-5.554684130120523e-16,-4.681639824092465e-16
4,-1.4764417200174245,-1.1163515021591701,-0.7643721007146238,-0.7140757893961751,-1.4503383214407268e-15,0.0,0.0,-1.2603012058649779e-15,-1.0529383633796975e-15,0.025861498356184977,0.4081922216373898,0.0,0.0,5.21209314175732e-16,4.1582232089914154e-16,-3.7216958725577257e-16,0.6162844994929276,0.9175041021290649,0.0,-3.4247806969477734e-16,-2.0901235711123245e-16,-2.722944529134265e-16,0.0,-0.6243179888914577,-0.5799861062040083,6.178833578533086e-16,0.0,4.2618945840929717e-16,-3.1779744506618205e-16,0.0,0.26062870592080756,0.19871264030586847,-9.398381539975777e-16,0.0,0.0,-5.554684130120523e-16,-4.681639824092465e-16
5,-1.460965612427396,0.34013853305635533,0.05745407359358255,0.033762441343879686,-1.4503383214407268e-15,0.0,0.0,-1.2603012058649779e-15,-1.0529383633796975e-15,0.6742831736749486,0.6529018964488511,0.0,0.0,5.21209314175732e-16,4.1582232089914154e-16,-3.7216958725577257e-16,-0.046397688419022864,-0.13746664919459026,0.0,-3.4247806969477734e-16,-2.0901235711123245e-16,-2.722944529134265e-16,0.0,-0.0856865289739228,-0.2430223473178767,6.178833578533086e-16,0.0,4.2618945840929717e-16,-3.1779744506618205e-16,0.0,-0.029356452019549787,-0.21693304300875726,-9.398381539975777e-16,0.0,0.0,-5.554684130120523e-16,-4.681639824092465e-16
6,-1.4454895048373673,-0.6505527796797419,-0.3337577011627213,-0.28532718835890786,-1.4503383214407268e-15,0.0,0.0,-1.2603012058649779e-15,-1.0529383633796975e-15,-0.40034825452187833,-0.693001315014187,0.0,0.0,5.21209314175732e-16,4.1582232089914154e-16,-3.7216958725577257e-16,0.7459397101713527,0.7421627030170999,0.0,-3.4247806969477734e-16,-2.0901235711123245e-16,-2.722944529134265e-16,0.0,-0.6672026592670576,-0.7922295127751431,6.178833578533086e-16,0.0,4.2618945840929717e-16,-3.1779744506618205e-16,0.0,-0.6241555543858507,-0.5812540569262329,-9.398381539975777e-16,0.0,0.0,-5.554684130120523e-16,-4.681639824092465e-16
7,-1.4300133972473386,0.7259867285430462,0.5865750351344818,0.6611555724214744,-1.4503383214407268e-15,0.0,0.0,-1.2603012058649779e-15,-1.0529383633796975e-15,2.364550911584533,1.1764667820919783,0.0,0.0,5.21209314175732e-16,4.1582232089914154e-16,-3.7216958725577257e-16,-0.6889112880032179,-0.3098856916546888,0.0,-3.4247806969477734e-16,-2.0901235711123245e-16,-2.722944529134265e-16,0.0,-0.35671764574771425,-0.20801312561542165,6.178833578533086e-16,0.0,4.2618945840929717e-16,-3.1779744506618205e-16,0.0,-0.6043838390717353,-0.6595031430563142,-9.398381539975777e-16,0.0,0.0,-5.554684130120523e-16,-4.681639824092465e-16
8,-1.41453728965731,1.0179799575600013,0.7892171055118476,0.9712567618509446,-1.4503383214407268e-15,0.0,0.0,-1.2603012058649779e-15,-1.0529383633796975e-15,0.025861498356184977,-0.1039908186656693,0.0,0.0,5.21209314175732e-16,4.1582232089914154e-16,-3.7216958725577257e-16,0.045801572507857456,0.1153172011918258,0.0,-3.4247806969477734e-16,-2.0901235711123245e-16,-2.722944529134265e-16,0.0,0.40491410012294027,0.5928228208282416,6.178833578533086e-16,0.0,4.2618945840929717e-16,-3.1779744506618205e-16,0.0,-1.4051383092934038,0.24919592168011478,-9.398381539975777e-16,0.0,0.0,-5.554684130120523e-16,-4.681639824092465e-16
9,-1.3990611820672814,0.17328525933238148,0.49490362234472135,0.24319309971218905,-1.4503383214407268e-15,0.0,0.0,-1.2603012058649779e-15,-1.0529383633796975e-15,-0.43313362012788326,-0.42837341085760666,0.0,0.0,5.21209314175732e-16,4.1582232089914154e-16,-3.7216958725577257e-16,-0.6716239265794279,-0.3098856916546888,0.0,-3.4247806969477734e-16,-2.0901235711123245e-16,-2.722944529134265e-16,0.0,-1.0017030881967368,-1.179519027858554,6.178833578533086e-16,0.0,4.2618945840929717e-16,-3.1779744506618205e-16,0.0,-1.3507660921795865,-0.34650679853598887,-9.398381539975777e-16,0.0,0.0,-5.554684130120523e-16,-4.681639824092465e-16
10,-1.3835850744772529,-0.7339794165417292,-0.35546935156029613,-0.7167723214781704,-1.4503383214407268e-15,0.0,0.0,-1.2603012058649779e-15,-1.0529383633796975e-15,-0.42876223804708263,0.9289116459454998,0.0,0.0,5.21209314175732e-16,4.1582232089914154e-16,-3.7216958725577257e-16,1.7356411516833308,1.493938951709649,0.0,-3.4247806969477734e-16,-2.0901235711123245e-16,-2.722944529134265e-16,0.0,-0.5865794789609299,-0.6478164732525153,6.178833578533086e-16,0.0,4.2618945840929717e-16,-3.1779744506618205e-16,0.0,0.36195874690564833,-0.11428370421445706,-9.398381539975777e-16,0.0,0.0,-5.554684130120523e-16,-4.681639824092465e-16
11,-1.3681089668872242,1.2891165273614593,0.8736513015024167,0.6746382328314515,-1.4503383214407268e-15,0.0,0.0,-1.2603012058649779e-15,-1.0529383633796975e-15,0.28814442320422423,-0.16374550670102622,0.0,0.0,5.21209314175732e-16,4.1582232089914154e-16,-3.7216958725577257e-16,-0.29130197525604773,-0.35372104143268,0.0,-3.4247806969477734e-16,-2.0901235711123245e-16,-2.722944529134265e-16,0.0,-0.495663977764658,-0.5777980298476049,6.178833578533086e-16,0.0,4.2618945840929717e-16,-3.1779744506618205e-16,0.0,0.7944650194019198,-1.1062801832183917,-9.398381539975777e-16,0.0,0.0,-5.554684130120523e-16,-4.681639824092465e-16
12,-1.3526328592971955,0.16980914946313147,0.2005901391775946,0.5532942891416587,-1.4503383214407268e-15,0.0,0.0,-1.2603012058649779e-15,-1.0529383633796975e-15,2.473835463604549,0.6984292778091232,0.0,0.0,5.21209314175732e-16,4.1582232089914154e-16,-3.7216958725577257e-16,0.4174798431193426,0.15915255096981656,0.0,-3.4247806969477734e-16,-2.0901235711123245e-16,-2.722944529134265e-16,0.0,1.053330316202011,0.8510158308838487,6.178833578533086e-16,0.0,4.2618945840929717e-16,-3.1779744506618205e-16,0.0,-1.8796594768321702,-1.7398453644651797,-9.398381539975777e-16,0.0,0.0,-5.554684130120523e-16,-4.681639824092465e-16
13,-1.337156751707167,3.385210778518886,2.142576646960684,2.225144179978801,-1.4503383214407268e-15,0.0,0.0,-1.2603012058649779e-15,-1.0529383633796975e-15,1.9601980691104732,1.1764667820919783,0.0,0.0,5.21209314175732e-16,4.1582232089914154e-16,-3.7216958725577257e-16,-0.2653709331203627,-0.33837866901038316,0.0,-3.4247806969477734e-16,-2.0901235711123245e-16,-2.722944529134265e-16,0.0,0.976137909525931,0.10269371699386841,6.178833578533086e-16,0.0,4.2618945840929717e-16,-3.1779744506618205e-16,0.0,1.2739291157692159,1.814177644281742,-9.398381539975777e-16,0.0,0.0,-5.554684130120523e-16,-4.681639824092465e-16
14,-1.3216806441171383,0.5869423337730676,0.309148391165469,0.10836649561241948,-1.4503383214407268e-15,0.0,0.0,-1.2603012058649779e-15,-1.0529383633796975e-15,2.309908635574525,1.389876382218253,0.0,0.0,5.21209314175732e-16,4.1582232089914154e-16,-3.7216958725577257e-16,-0.2480835716965727,0.012304129213546513,0.0,-3.4247806969477734e-16,-2.0901235711123245e-16,-2.722944529134265e-16,0.0,0.2814062494412124,0.07206064800422017,6.178833578533086e-16,0.0,4.2618945840929717e-16,-3.1779744506618205e-16,0.0,0.18648477349287515,-0.3818450954979608,-9.398381539975777e-16,0.0,0.0,-5.554684130120523e-16,-4.681639824092465e-16
15,-1.3062045365271095,0.2636641159328675,-0.20951881277659845,-0.15679249245046092,-1.4503383214407268e-15,0.0,0.0,-1.2603012058649779e-15,-1.0529383633796975e-15,1.759843057073776,1.4382492249135415,0.0,0.0,5.21209314175732e-16,4.1582232089914154e-16,-3.7216958725577257e-16,-0.05504136913091788,-0.11993250928339376,0.0,-3.4247806969477734e-16,-2.0901235711123245e-16,-2.722944529134265e-16,0.0,0.3362986275219803,0.2018865118174917,6.178833578533086e-16,0.0,4.2618945840929717e-16,-3.1779744506618205e-16,0.0,-0.9487412141259098,-0.5248810593916583,-9.398381539975777e-16,0.0,0.0,-5.554684130120523e-16,-4.681639824092465e-16
16,-1.290728428937081,-0.06309021177658261,-0.19343610877839487,-0.19274625354373268,-1.4503383214407268e-15,0.0,0.0,-1.2603012058649779e-15,1.542195487195274,1.5849877738417513,1.375649075543168,0.0,0.0,5.21209314175732e-16,4.1582232089914154e-16,-1.0269527244417875,0.4145986162153779,0.3476445550151791,0.0,-3.4247806969477734e-16,-2.0901235711123245e-16,-2.722944529134265e-16,0.22303076548529213,-0.36929714905789035,-0.29699489744249524,6.178833578533086e-16,0.0,4.2618945840929717e-16,-3.1779744506618205e-16,-1.9727551843832447,-0.11832917093306834,-0.0368760061072798,-9.398381539975777e-16,0.0,0.0,-5.554684130120523e-16,-1.536727052423616
17,-1.2752523213470524,0.16980914946313147,-0.4990074847442638,-0.47138790201658975,-1.4503383214407268e-15,0.0,0.0,-1.2603012058649779e-15,-0.05823383987903119,0.8345671833043053,0.3740466856171858,0.0,0.0,5.21209314175732e-16,4.1582232089914154e-16,-1.4962615124972318,-0.4209571859344728,-0.3975563912106712,0.0,-3.4247806969477734e-16,-2.0901235711123245e-16,-2.722944529134265e-16,-0.3474708672526048,-0.6105948943712658,-0.8075460472699673,6.178833578533086e-16,0.0,4.2618945840929717e-16,-3.1779744506618205e-16,-0.9159730528908449,-0.7279570597849557,-1.3157858009215129,-9.398381539975777e-16,0.0,0.0,-5.554684130120523e-16,0.2554326137939683
18,-1.2597762137570239,-0.838262712619213,0.12821797118567804,-0.47138790201658975,-1.4503383214407268e-15,0.0,0.0,-1.2603012058649779e-15,-1.0529383633796975e-15,1.118707018556348,0.06673686143535033,0.0,0.0,5.21209314175732e-16,4.1582232089914154e-16,-3.7216958725577257e-16,-0.4209571859344728,-0.35372104143268,0.0,-3.4247806969477734e-16,-2.0901235711123245e-16,-2.722944529134265e-16,0.0,1.4821770199580098,2.036953216054519,6.178833578533086e-16,0.0,4.2618945840929717e-16,-3.1779744506618205e-16,0.0,-0.08537631207620969,-0.9624028313017905,-9.398381539975777e-16,0.0,0.0,-5.554684130120523e-16,-4.681639824092465e-16
19,-1.2443001061669952,-0.14304073876931983,-0.016526364798154614,-0.1747693729970968,-1.4503383214407268e-15,0.0,0.0,-1.2603012058649779e-15,-1.0529383633796975e-15,1.0968501081523445,0.5106288296980015,0.0,0.0,5.21209314175732e-16,4.1582232089914154e-16,-3.7216958725577257e-16,-0.5073939930534228,-0.3975563912106712,0.0,-3.4247806969477734e-16,-2.0901235711123245e-16,-2.722944529134265e-16,0.0,-0.7546873868332815,-1.223280554986623,6.178833578533086e-16,0.0,4.2618945840929717e-16,-3.1779744506618205e-16,0.0,0.16177012935023113,-0.42223172059735764,-9.398381539975777e-16,0.0,0.0,-5.554684130120523e-16,-4.681639824092465e-16
20,-1.2288239985769664,-0.9425460086966969,-0.35426314876043136,-0.30959597709686637,-1.4503383214407268e-15,0.0,0.0,-1.2603012058649779e-15,-1.0529383633796975e-15,0.025861498356184977,0.5049379070279677,0.0,0.0,5.21209314175732e-16,4.1582232089914154e-16,-3.7216958725577257e-16,-0.6514553382516732,-0.4121681744700019,0.0,-3.4247806969477734e-16,-2.0901235711123245e-16,-2.722944529134265e-16,0.0,0.5787399640453716,0.22814342809433294,6.178833578533086e-16,0.0,4.2618945840929717e-16,-3.1779744506618205e-16,0.0,0.1288172704933725,-0.05370376656536176,-9.398381539975777e-16,0.0,0.0,-5.554684130120523e-16,-4.681639824092465e-16
21,-1.213347890986938,0.08985862247039426,-0.8246822407078874,0.04994163383585264,-1.4503383214407268e-15,0.0,0.0,-1.2603012058649779e-15,-1.0529383633796975e-15,0.2990728784062259,0.27730100022660803,0.0,0.0,5.21209314175732e-16,4.1582232089914154e-16,-3.7216958725577257e-16,-0.2480835716965727,-0.33910925817334975,0.0,-3.4247806969477734e-16,-2.0901235711123245e-16,-2.722944529134265e-16,0.0,-0.4733639491693461,-0.41369230311734595,6.178833578533086e-16,0.0,4.2618945840929717e-16,-3.1779744506618205e-16,0.0,-0.5302399066438032,-0.05370376656536176,-9.398381539975777e-16,0.0,0.0,-5.554684130120523e-16,-4.681639824092465e-16
22,-1.1978717833969093,0.7781283765817878,-0.11302258878737653,-0.7949717518560367,-1.4503383214407268e-15,0.0,0.0,-1.2603012058649779e-15,-1.0529383633796975e-15,0.4629997064362502,-0.1039908186656693,0.0,0.0,5.21209314175732e-16,4.1582232089914154e-16,-3.7216958725577257e-16,-0.3345203788155227,-0.09070894276473283,0.0,-3.4247806969477734e-16,-2.0901235711123245e-16,-2.722944529134265e-16,0.0,-0.37044074026790624,-0.6324999387576912,6.178833578533086e-16,0.0,4.2618945840929717e-16,-3.1779744506618205e-16,0.0,0.31005799420609553,0.19871264030586847,-9.398381539975777e-16,0.0,0.0,-5.554684130120523e-16,-4.681639824092465e-16
23,-1.1823956758068808,1.1083588141604872,0.3453344751614273,0.9308087806210136,-1.4503383214407268e-15,0.0,0.0,-1.2603012058649779e-15,-1.0529383633796975e-15,0.11328913997219807,0.4081922216373898,0.0,0.0,5.21209314175732e-16,4.1582232089914154e-16,-3.7216958725577257e-16,0.5298476923739778,-0.2660503418766976,0.0,-3.4247806969477734e-16,-2.0901235711123245e-16,-2.722944529134265e-16,0.0,-0.43905621286886615,-0.6762614658857602,6.178833578533086e-16,0.0,4.2618945840929717e-16,-3.1779744506618205e-16,0.0,-0.2830934652173621,-0.7099864244305603,-9.398381539975777e-16,0.0,0.0,-5.554684130120523e-16,-4.681639824092465e-16
24,-1.166919568216852,1.1431199128529819,0.6589472031263984,0.8229474973411978,-1.4503383214407268e-15,0.0,0.0,-1.2603012058649779e-15,-1.0529383633796975e-15,-0.586131992955906,-0.9234836831505636,0.0,0.0,5.21209314175732e-16,4.1582232089914154e-16,-3.7216958725577257e-16,1.653526184920328,-0.17837964232071526,0.0,-3.4247806969477734e-16,-2.0901235711123245e-16,-2.722944529134265e-16,0.0,-0.1989020587655066,-0.7637845201418982,6.178833578533086e-16,0.0,4.2618945840929717e-16,-3.1779744506618205e-16,0.0,0.9032094536295536,1.2588615491650357,-9.398381539975777e-16,0.0,0.0,-5.554684130120523e-16,-4.681639824092465e-16
25,-1.1514434606268233,1.1083588141604872,0.6589472031263984,0.795982176521244,-1.4503383214407268e-15,0.0,0.0,-1.2603012058649779e-15,-1.0529383633796975e-15,0.5285704376482597,0.4935560616878995,0.0,0.0,5.21209314175732e-16,4.1582232089914154e-16,-3.7216958725577257e-16,-0.2480835716965727,-0.04687359298674166,0.0,-3.4247806969477734e-16,-2.0901235711123245e-16,-2.722944529134265e-16,0.0,0.24709851314073245,0.2427306038036894,6.178833578533086e-16,0.0,4.2618945840929717e-16,-3.1779744506618205e-16,0.0,-0.8268156363555322,-1.0128861126760367,-9.398381539975777e-16,0.0,0.0,-5.554684130120523e-16,-4.681639824092465e-16
26,-1.1359673530367949,0.6912256298505511,0.3453344751614273,0.3915023642219353,-1.4503383214407268e-15,0.0,0.0,-1.2603012058649779e-15,-1.0529383633796975e-15,0.24443060239621747,0.23746454153637014,0.0,0.0,5.21209314175732e-16,4.1582232089914154e-16,-3.7216958725577257e-16,0.44341088525502764,0.12846780612522318,0.0,-3.4247806969477734e-16,-2.0901235711123245e-16,-2.722944529134265e-16,0.0,-0.0616711135635869,-0.2386461946050699,6.178833578533086e-16,0.0,4.2618945840929717e-16,-3.1779744506618205e-16,0.0,0.7549215887736892,0.5016123285513451,-9.398381539975777e-16,0.0,0.0,-5.554684130120523e-16,-4.681639824092465e-16
27,-1.1204912454467661,-0.24732403484680401,-0.40251126075504184,-0.28263065627691253,-1.4503383214407268e-15,0.0,0.0,-1.2603012058649779e-15,-1.0529383633796975e-15,-0.38941979931987686,-0.3259368027969949,0.0,0.0,5.21209314175732e-16,4.1582232089914154e-16,-3.7216958725577257e-16,0.8755949208497777,-0.09070894276473283,0.0,-3.4247806969477734e-16,-2.0901235711123245e-16,-2.722944529134265e-16,0.0,-0.37044074026790624,-0.3699307759892771,6.178833578533086e-16,0.0,4.2618945840929717e-16,-3.1779744506618205e-16,0.0,-0.6785277714996676,-0.2051536106880998,-9.398381539975777e-16,0.0,0.0,-5.554684130120523e-16,-4.681639824092465e-16
28,-1.1050151378567374,0.06552585338564791,-0.11302258878737653,-0.03994276889732722,-1.4503383214407268e-15,0.0,0.0,-1.2603012058649779e-15,-1.0529383633796975e-15,0.39742897522424037,0.13502793347575825,0.0,0.0,5.21209314175732e-16,4.1582232089914154e-16,-3.7216958725577257e-16,-0.5938308001723728,-0.34495397147708184,0.0,-3.4247806969477734e-16,-2.0901235711123245e-16,-2.722944529134265e-16,0.0,-0.8027182176539535,-0.5668576480655876,6.178833578533086e-16,0.0,4.2618945840929717e-16,-3.1779744506618205e-16,0.0,-0.1348056003614977,-0.5585365803078223,-9.398381539975777e-16,0.0,0.0,-5.554684130120523e-16,-4.681639824092465e-16
29,-1.089539030266709,-0.45589062700177174,-0.23364286877390383,0.12184915602239615,-1.4503383214407268e-15,0.0,0.0,-1.2603012058649779e-15,-1.0529383633796975e-15,1.6214159578484226,1.8593775024960568,0.0,0.0,5.21209314175732e-16,4.1582232089914154e-16,-3.7216958725577257e-16,-0.5938308001723728,-0.4852270907666536,0.0,-3.4247806969477734e-16,-2.0901235711123245e-16,-2.722944529134265e-16,0.0,1.55079249255897,2.172613950151533,6.178833578533086e-16,0.0,4.2618945840929717e-16,-3.1779744506618205e-16,0.0,-1.3705378074937018,-0.7604697058048063,-9.398381539975777e-16,0.0,0.0,-5.554684130120523e-16,-4.681639824092465e-16
30,-1.0585868150866518,1.1431199128529819,0.8036915391102311,0.7420515348813363,-1.4503383214407268e-15,0.0,0.0,-1.2603012058649779e-15,-1.0529383633796975e-15,0.288144423204224,0.33990114959698187,0.0,0.0,5.21209314175732e-16,4.1582232089914154e-16,-3.7216958725577257e-16,-0.4209571859344728,-0.3098856916546888,0.0,-3.4247806969477734e-16,-2.0901235711123245e-16,-2.722944529134265e-16,0.0,0.10986756793881275,-0.9825921557822435,6.178833578533086e-16,0.0,4.2618945840929717e-16,-3.1779744506618205e-16,0.0,0.023368122151424156,0.24919592168011478,-9.398381539975777e-16,0.0,0.0,-5.554684130120523e-16,-4.681639824092465e-16
31,-1.043110707496623,-0.1604212881155674,-0.016526364798154614,-0.3635266187367738,-1.4503383214407268e-15,0.0,0.0,-1.2603012058649779e-15,-1.0529383633796975e-15,-0.2473498816938557,-0.17228189070607702,0.0,0.0,5.21209314175732e-16,4.1582232089914154e-16,-3.7216958725577257e-16,-0.4641755894939478,-0.35372104143268,0.0,-3.4247806969477734e-16,-2.0901235711123245e-16,-2.722944529134265e-16,0.0,-0.2846713995167064,-0.5230961209375187,6.178833578533086e-16,0.0,4.2618945840929717e-16,-3.1779744506618205e-16,0.0,-0.3572373976452945,-0.6847447837434374,-9.398381539975777e-16,0.0,0.0,-5.554684130120523e-16,-4.681639824092465e-16
32,-1.0276345999065943,-0.5427933737330084,-0.5351935687402218,-0.5118358832465207,-1.4503383214407268e-15,0.0,0.0,-1.2603012058649779e-15,-1.0529383633796975e-15,0.6159980792642729,0.211855389521217,0.0,0.0,5.21209314175732e-16,4.1582232089914154e-16,-3.7216958725577257e-16,0.3569740781360775,0.08463245634723193,0.0,-3.4247806969477734e-16,-2.0901235711123245e-16,-2.722944529134265e-16,0.0,-0.5574179031055219,-0.6631330077473395,6.178833578533086e-16,0.0,4.2618945840929717e-16,-3.1779744506618205e-16,0.0,-0.7526717039275997,-1.1138526754245286,-9.398381539975777e-16,0.0,0.0,-5.554684130120523e-16,-4.681639824092465e-16
33,-1.0121584923165658,1.0388366167754977,0.5142028671425657,0.9577741014409674,-1.4503383214407268e-15,0.0,0.0,-1.2603012058649779e-15,-1.0529383633796975e-15,-0.8047010969959386,-0.5308100189182184,0.0,0.0,5.21209314175732e-16,4.1582232089914154e-16,-3.7216958725577257e-16,-0.3345203788155227,-0.2660503418766976,0.0,-3.4247806969477734e-16,-2.0901235711123245e-16,-2.722944529134265e-16,0.0,-0.8850567847751052,-1.0657390573255745,6.178833578533086e-16,0.0,4.2618945840929717e-16,-3.1779744506618205e-16,0.0,0.6560630122031128,0.45112904717709873,-9.398381539975777e-16,0.0,0.0,-5.554684130120523e-16,-4.681639824092465e-16
34,-0.9812062771365085,-1.1858736995441594,-0.4990074847442638,-0.39049193955672806,-1.4503383214407268e-15,0.0,0.0,-1.2603012058649779e-15,-1.0529383633796975e-15,-0.017852322451821567,-0.03569974662526137,0.0,0.0,5.21209314175732e-16,4.1582232089914154e-16,-3.7216958725577257e-16,-0.680267607291323,-0.35372104143268,0.0,-3.4247806969477734e-16,-2.0901235711123245e-16,-2.722944529134265e-16,0.0,-0.2675175313664665,-0.5012153573734841,6.178833578533086e-16,0.0,4.2618945840929717e-16,-3.1779744506618205e-16,0.0,-1.3211085192084138,-1.467235645044251,-9.398381539975777e-16,0.0,0.0,-5.554684130120523e-16,-4.681639824092465e-16
35,-0.9657301695464799,1.8383418867028747,1.2861726590563403,0.6611555724214744,-1.4503383214407268e-15,0.0,0.0,-1.2603012058649779e-15,-1.0529383633796975e-15,1.555845226636413,1.9105958065263624,0.0,0.0,5.21209314175732e-16,4.1582232089914154e-16,-3.7216958725577257e-16,3.9873199771319787,3.2188599654736025,0.0,-3.4247806969477734e-16,-2.0901235711123245e-16,-2.722944529134265e-16,0.0,-0.2675175313664665,1.5774571812097946,6.178833578533086e-16,0.0,4.2618945840929717e-16,-3.1779744506618205e-16,0.0,1.7929366427647406,0.5520956099255909,-9.398381539975777e-16,0.0,0.0,-5.554684130120523e-16,-4.681639824092465e-16
36,-0.9347779543664226,0.2045702481556266,-0.125084616786029,-0.13432139176716582,-1.4503383214407268e-15,0.0,0.0,-1.2603012058649779e-15,-1.0529383633796975e-15,1.2717053913843703,0.34843753360203283,0.0,0.0,5.21209314175732e-16,4.1582232089914154e-16,-3.7216958725577257e-16,0.3569740781360775,0.0188794316802452,0.0,-3.4247806969477734e-16,-2.0901235711123245e-16,-2.722944529134265e-16,0.0,0.8646377665493713,1.0741996192370007,6.178833578533086e-16,0.0,4.2618945840929717e-16,-3.1779744506618205e-16,0.0,-0.4808106183585149,-1.0381277533631594,-9.398381539975777e-16,0.0,0.0,-5.554684130120523e-16,-4.681639824092465e-16
37,-0.919301846776394,-0.3516073309242882,0.10409391518837267,0.12184915602239615,-1.4503383214407268e-15,0.0,0.0,-1.2603012058649779e-15,-1.0529383633796975e-15,0.9001379145163152,1.1764667820919783,0.0,0.0,5.21209314175732e-16,4.1582232089914154e-16,-3.7216958725577257e-16,1.3077789564445281,-0.09070894276473283,0.0,-3.4247806969477734e-16,-2.0901235711123245e-16,-2.722944529134265e-16,0.0,2.5114091089724075,2.6058530687194166,6.178833578533086e-16,0.0,4.2618945840929717e-16,-3.1779744506618205e-16,0.0,-1.2716792309231257,-1.1138526754245286,-9.398381539975777e-16,0.0,0.0,-5.554684130120523e-16,-4.681639824092465e-16
38,-0.8728735240063082,-0.629696120464245,-0.5713796527361801,-0.47138790201658975,-1.4503383214407268e-15,0.0,0.0,-1.2603012058649779e-15,-1.0529383633796975e-15,0.4629997064362502,1.8593775024960568,0.0,0.0,5.21209314175732e-16,4.1582232089914154e-16,-3.7216958725577257e-16,-0.4209571859344728,-0.22221499209870643,0.0,-3.4247806969477734e-16,-2.0901235711123245e-16,-2.722944529134265e-16,0.0,-0.6105948943712658,-0.6762614658857602,6.178833578533086e-16,0.0,4.2618945840929717e-16,-3.1779744506618205e-16,0.0,0.7549215887736892,1.1074117050422971,-9.398381539975777e-16,0.0,0.0,-5.554684130120523e-16,-4.681639824092465e-16
39,-0.8419213088262509,-0.1082796400768253,0.37749988315783484,0.6341902516015206,-1.4503383214407268e-15,0.0,2.224943218634563,-1.2603012058649779e-15,-1.0529383633796975e-15,1.133278292159017,0.6244472830986812,0.0,0.0,-1.3283419627556705,4.1582232089914154e-16,-3.7216958725577257e-16,0.3569740781360775,0.24536207219986603,0.0,-3.4247806969477734e-16,-0.8987637056435712,-2.722944529134265e-16,0.0,1.710895261961209,1.1617226734931387,6.178833578533086e-16,0.0,1.1072389241290612,-3.1779744506618205e-16,0.0,-0.7279570597849557,0.6194066517579188,-9.398381539975777e-16,0.0,-0.5576786065035642,-5.554684130120523e-16,-4.681639824092465e-16
40,-0.8264452012362223,2.290236169705305,1.672157555013228,1.9824562925992162,-1.4503383214407268e-15,0.0,2.224943218634563,1.6340241225777927,2.016396769291365,1.118707018556348,0.9203752619404486,0.0,0.0,-1.3283419627556705,1.4590336110811373,0.984370652938687,1.4806525706824283,0.7421627030170999,0.0,-3.4247806969477734e-16,-0.8987637056435712,-0.8549004390016144,-0.8844135804176843,1.3106383384556102,1.5555764176457603,6.178833578533086e-16,0.0,1.1072389241290612,-0.26741804785861234,0.4226176469995281,-1.41996709577899,-1.1643359567987746,-9.398381539975777e-16,0.0,-0.5576786065035642,-0.6054565867705639,-1.1150424250783022
41,-0.8109690936461937,-0.1256601894230729,0.3212104191641219,0.28364108094211954,-1.4503383214407268e-15,0.0,0.0,1.6340241225777927,2.016396769291365,0.44114279603224693,-0.0015542106050574068,0.0,0.0,5.21209314175732e-16,1.4590336110811373,0.984370652938687,-0.3345203788155227,-0.04687359298674166,0.0,-3.4247806969477734e-16,-2.0901235711123245e-16,-0.8549004390016144,-0.8844135804176843,-0.1989020587655066,0.2427306038036894,6.178833578533086e-16,0.0,4.2618945840929717e-16,-0.26741804785861234,0.4226176469995281,1.1503558950559944,0.5520956099255909,-9.398381539975777e-16,0.0,0.0,-0.6054565867705639,-1.1150424250783022
42,-0.795492986056165,0.552181235080573,0.634823147129093,0.36453704340198145,-1.4503383214407268e-15,0.0,0.0,-1.2603012058649779e-15,-1.0529383633796975e-15,0.9438517353243218,1.5691404463243235,0.0,0.0,5.21209314175732e-16,4.1582232089914154e-16,-3.7216958725577257e-16,0.27053727101712766,-0.04687359298674166,0.0,-3.4247806969477734e-16,-2.0901235711123245e-16,-2.722944529134265e-16,0.0,0.967560975450811,1.1617226734931387,6.178833578533086e-16,0.0,4.2618945840929717e-16,-3.1779744506618205e-16,0.0,0.013482264494366734,-0.8109529871790525,-9.398381539975777e-16,0.0,0.0,-5.554684130120523e-16,-4.681639824092465e-16
43,-0.7645407708761078,-0.5775544724255032,-0.42663531675234767,-0.37700927914675114,-1.4503383214407268e-15,0.0,0.0,-1.2603012058649779e-15,-1.0529383633796975e-15,0.12421759517419971,-0.5734919389434733,0.0,0.0,5.21209314175732e-16,4.1582232089914154e-16,-3.7216958725577257e-16,1.048468535087678,0.41339757968216595,0.0,-3.4247806969477734e-16,-2.0901235711123245e-16,-2.722944529134265e-16,0.0,0.10986756793881275,-0.2386461946050699,6.178833578533086e-16,0.0,4.2618945840929717e-16,-3.1779744506618205e-16,0.0,-0.3819520417879385,0.2996792030543607,-9.398381539975777e-16,0.0,0.0,-5.554684130120523e-16,-4.681639824092465e-16
44,-0.7335885556960505,-0.3863684296167827,-0.04065042079545999,-0.03994276889732722,-1.4503383214407268e-15,0.0,0.0,-0.4234867423238929,0.06031648064499155,-0.7391303657839289,-0.752756003049544,0.0,0.0,5.21209314175732e-16,1.384125721102989,-1.3286512310488587,-0.680267607291323,-0.2660503418766976,0.0,-3.4247806969477734e-16,-2.0901235711123245e-16,0.37140475767434616,-0.5823833042623271,-0.43905621286886615,-0.6762614658857602,6.178833578533086e-16,0.0,4.2618945840929717e-16,-2.3427051078686745,-2.0995690401623324,0.8043508770589772,0.854995298171067,-9.398381539975777e-16,0.0,0.0,-0.9806976874491377,-1.0096212682419736
45,-0.7181124481060219,0.7364150581507944,0.5302855711407694,0.6162133710548843,-1.4503383214407268e-15,0.0,0.0,-1.2603012058649779e-15,-1.0529383633796975e-15,-0.30199215770386373,-0.44544617886770854,0.0,0.0,5.21209314175732e-16,4.1582232089914154e-16,-3.7216958725577257e-16,-0.44976945497412335,-0.2660503418766976,0.0,-3.4247806969477734e-16,-2.0901235711123245e-16,-2.722944529134265e-16,0.0,0.0984316558386528,0.15520754954755128,6.178833578533086e-16,0.0,4.2618945840929717e-16,-3.1779744506618205e-16,0.0,-0.4313813300732265,-0.306120173436592,-9.398381539975777e-16,0.0,0.0,-5.554684130120523e-16,-4.681639824092465e-16
46,-0.7026363405159933,1.5254919984704227,1.052973451082387,1.2094504290938706,-1.4503383214407268e-15,0.0,0.0,-1.2603012058649779e-15,-1.0529383633796975e-15,1.6724154154577637,-0.7641378483896121,0.0,0.0,5.21209314175732e-16,4.1582232089914154e-16,-3.7216958725577257e-16,-0.5362062620930734,-0.3683328246920107,0.0,-3.4247806969477734e-16,-2.0901235711123245e-16,-2.722944529134265e-16,0.0,0.22422668894041256,0.47612541515339085,6.178833578533086e-16,0.0,4.2618945840929717e-16,-3.1779744506618205e-16,0.0,0.5572044356325369,0.7372009749644933,-9.398381539975777e-16,0.0,0.0,-5.554684130120523e-16,-4.681639824092465e-16
47,-0.6871602329259647,1.4559698010854336,1.0931802110778963,1.2274273096405066,3.018634878908709,4.306574529949597,2.9437527490407094,3.052997132854818,3.7353764168896935,0.6815688104762827,0.5618471337283074,-1.6334444672696842,-1.843254520041754,-2.047208122643727,-0.5634794183288683,-0.7922983304140656,-0.5073939930534228,-0.35372104143268,-1.1826601088416657,-1.9059887217178446,-1.5012008087488355,-0.5115349839323454,-0.649501143407962,0.4186371946431322,0.5928228208282416,1.7811449248991214,1.7105579012671572,0.07556858036033913,1.1351897582171537,0.28171336280054166,-0.2830934652173621,-0.6090198616820681,2.4704815400739575,0.890496894562747,-0.27454946781713946,-1.4810191550205694,-1.0096212682419736
48,-0.6716841253359361,-1.915856772086547,-1.0056126606876783,-1.037659639235622,-1.4503383214407268e-15,0.0,0.0,-1.2603012058649779e-15,-1.0529383633796975e-15,-1.0451271114399745,-0.8722653791202577,0.0,0.0,5.21209314175732e-16,4.1582232089914154e-16,-3.7216958725577257e-16,-0.680267607291323,-0.35372104143268,0.0,-3.4247806969477734e-16,-2.0901235711123245e-16,-2.722944529134265e-16,0.0,-0.5419794217703059,-0.7637845201418982,6.178833578533086e-16,0.0,4.2618945840929717e-16,-3.1779744506618205e-16,0.0,-0.7279570597849557,-0.6595031430563142,-9.398381539975777e-16,0.0,0.0,-5.554684130120523e-16,-4.681639824092465e-16
49,-0.6562080177459074,0.3436146429256047,-0.028588392796807086,0.02747053315255756,-1.4503383214407268e-15,0.0,0.0,-1.2603012058649779e-15,-1.0529383633796975e-15,0.8345671833043053,0.7155020458192253,0.0,0.0,5.21209314175732e-16,4.1582232089914154e-16,-3.7216958725577257e-16,-0.5506123966128978,-0.4194740660996668,0.0,-3.4247806969477734e-16,-2.0901235711123245e-16,-2.722944529134265e-16,0.0,-0.7889951231337613,-0.976027926713033,6.178833578533086e-16,0.0,4.2618945840929717e-16,-3.1779744506618205e-16,0.0,0.4830605032046044,0.12298771824449968,-9.398381539975777e-16,0.0,0.0,-5.554684130120523e-16,-4.681639824092465e-16
50,-0.6097796949758216,-0.9599265580429441,-0.7281860167186655,0.13982603656903203,-1.4503383214407268e-15,0.0,0.0,-1.2603012058649779e-15,-1.0529383633796975e-15,-0.6079889033599093,-0.6617012403290002,0.0,0.0,5.21209314175732e-16,4.1582232089914154e-16,-3.7216958725577257e-16,-0.29130197525604773,-0.28066212513602834,0.0,-3.4247806969477734e-16,-2.0901235711123245e-16,-2.722944529134265e-16,0.0,-0.35328687211766635,-0.326169248861208,6.178833578533086e-16,0.0,4.2618945840929717e-16,-3.1779744506618205e-16,0.0,1.0762119626280624,0.6530621726740831,-9.398381539975777e-16,0.0,0.0,-5.554684130120523e-16,-4.681639824092465e-16
51,-0.5943035873857929,2.290236169705305,1.3826688830455622,0.0,-1.4503383214407268e-15,0.0,2.617021144310643,2.982048482340967,3.7353764168896935,-0.08342305366383114,0.0,0.0,0.0,-1.8740934147523178,0.522684986354283,-1.1275188933108113,-0.5073939930534228,-1.2166753654005768e-16,0.0,-3.4247806969477734e-16,-0.9364160245876502,-0.6586916075334607,-0.8172957412720493,-0.43905621286886615,-1.9434022004136254e-16,6.178833578533086e-16,0.0,-0.12116855496299829,4.885018790787059,-2.254563752781218,-0.08537631207620969,0.0,-9.398381539975777e-16,0.0,-0.6790196659406033,-1.230858421234854,-1.0096212682419736
52,-0.5788274797957643,-0.014424673607089916,-0.08085718079096894,-0.26465377573027665,3.18192845700875,2.467196483107196,0.0,-1.2603012058649779e-15,-1.0529383633796975e-15,-0.03242359605449025,-0.22350019473638297,1.1098849473013317,-1.4864027472311725,5.21209314175732e-16,4.1582232089914154e-16,-3.7216958725577257e-16,0.38578634717572724,0.27458563871852704,-1.2801237284217155,-0.17851852181068242,-2.0901235711123245e-16,-2.722944529134265e-16,0.0,0.38432945834265214,0.5198869422814597,0.4384925318590912,4.346807430642741,4.2618945840929717e-16,-3.1779744506618205e-16,0.0,-0.34899918293107984,-0.3566034548108379,-0.9156422680316955,-0.06230963523297565,0.0,-5.554684130120523e-16,-4.681639824092465e-16
53,-0.5633513722057357,-0.9425460086966969,-0.04065042079545999,-1.6308966972746082,-1.4503383214407268e-15,0.0,0.0,-1.2603012058649779e-15,-1.0529383633796975e-15,-0.9139856490159548,-0.8551926111101558,0.0,0.0,5.21209314175732e-16,4.1582232089914154e-16,-3.7216958725577257e-16,0.0976636567792274,-0.0030382432087504214,0.0,-3.4247806969477734e-16,-2.0901235711123245e-16,-2.722944529134265e-16,0.0,-0.7135181032727055,-0.7200229930138292,6.178833578533086e-16,0.0,4.2618945840929717e-16,-3.1779744506618205e-16,0.0,-0.2830934652173621,0.4006457658028528,-9.398381539975777e-16,0.0,0.0,-5.554684130120523e-16,-4.681639824092465e-16
54,-0.5478752646157071,0.934553320698014,0.9725599310913691,1.254392630460461,-1.4503383214407268e-15,0.0,0.0,-1.2603012058649779e-15,-1.0529383633796975e-15,-0.6517027241679159,-0.4966644828980145,0.0,0.0,5.21209314175732e-16,4.1582232089914154e-16,-3.7216958725577257e-16,0.011226849660277411,-0.22221499209870643,0.0,-3.4247806969477734e-16,-2.0901235711123245e-16,-2.722944529134265e-16,0.0,0.21279077684025247,-0.5887384116296221,6.178833578533086e-16,0.0,4.2618945840929717e-16,-3.1779744506618205e-16,0.0,2.929810273326369,0.5016123285513451,-9.398381539975777e-16,0.0,0.0,-5.554684130120523e-16,-4.681639824092465e-16
55,-0.5323991570256785,-1.1163515021591701,-0.6919999327227074,-0.9297983559558063,-1.4503383214407268e-15,0.0,0.0,-1.2603012058649779e-15,-1.0529383633796975e-15,0.48485661684025344,-0.18935465871617901,0.0,0.0,5.21209314175732e-16,4.1582232089914154e-16,-3.7216958725577257e-16,0.6162844994929276,-0.3098856916546888,0.0,-3.4247806969477734e-16,-2.0901235711123245e-16,-2.722944529134265e-16,0.0,-0.3361330039674263,-0.5449768845015531,6.178833578533086e-16,0.0,4.2618945840929717e-16,-3.1779744506618205e-16,0.0,0.21119941763551958,3.0762596786378933,-9.398381539975777e-16,0.0,0.0,-5.554684130120523e-16,-4.681639824092465e-16
56,-0.4859708342555926,0.13504805077063695,-4.2852931864888184e-16,-0.6331798269363134,3.34522203510879,5.532826561177865,0.0,-1.2603012058649779e-15,-1.0529383633796975e-15,0.0,-0.9747019871808696,0.5220286441789711,-1.4864027472311725,5.21209314175732e-16,4.1582232089914154e-16,-3.7216958725577257e-16,0.0,-0.17837964232071526,-0.6953420109414171,-1.9059887217178446,-2.0901235711123245e-16,-2.722944529134265e-16,0.0,0.0,-0.41369230311734595,-0.7789383944725429,-1.3146464767048236,4.2618945840929717e-16,-3.1779744506618205e-16,0.0,0.0,-1.5177189264184971,2.4704815400739575,0.4574030173828733,0.0,-5.554684130120523e-16,-4.681639824092465e-16
57,-0.45501861907553537,0.15242860011688453,0.1885281111789417,0.8229474973411978,4.814864238009152,0.0,3.7279086003928703,-1.2603012058649779e-15,-1.0529383633796975e-15,-0.35663443371387193,-0.3771551068273005,5.4208311701986425,0.0,-1.2520541253797952,4.1582232089914154e-16,-3.7216958725577257e-16,0.3137556745766025,-0.15646196743171964,-0.5004147717813177,-3.4247806969477734e-16,-0.7575675096032749,-2.722944529134265e-16,0.0,0.38432945834265214,0.7897496929045522,-0.2223985424352244,0.0,-0.5194412923248772,-3.1779744506618205e-16,0.0,-0.8268156363555322,-0.4070867361850842,-0.17492768500858372,0.0,-0.0723143687554075,-5.554684130120523e-16,-4.681639824092465e-16
58,-0.4395425114855067,0.7850805963202871,0.35337582716052907,0.34656016285534513,-1.4503383214407268e-15,6.058363145989979,0.0,-1.0620245969485544,4.92087962212992,-0.25099270009452296,-0.20642742672628117,0.0,-2.1644211155712774,5.21209314175732e-16,7.564026644300228,8.359223036667093,0.0976636567792274,0.5083741708678137,0.0,-0.9188628931994662,-2.0901235711123245e-16,-0.3153261524641917,-0.6159422238351445,-0.4276203007687063,-0.28240772173313894,6.178833578533086e-16,-1.0121260389076259,4.2618945840929717e-16,-0.6824754598606249,-1.5500423317862846,-0.49728704778694494,0.09774607755737674,-9.398381539975777e-16,-2.054541470260395,0.0,2.6466329524437433,1.098801868484596
59,-0.40859029630544946,-2.5415565485514504,-1.6810862286122312,-1.8735845846541932,-1.4503383214407268e-15,0.0,-2.0879139638023174,0.7116916658977271,3.557550936103659,-0.8484149178039451,-0.8893381471303596,0.0,0.0,-0.8735490860917979,3.144461135589475,1.8894661727599005,-0.2480835716965727,-0.35372104143268,0.0,-3.4247806969477734e-16,-0.7575675096032749,-0.41343056819826857,-0.5823833042623271,6.7998761465324,-0.6762614658857602,6.178833578533086e-16,0.0,1.5438993952125672,0.1619516886951937,0.1408090786015549,1.4469316247677237,0.9054785795453133,-9.398381539975777e-16,0.0,-0.7599137055652961,1.1456685497294476,-0.9042001114056452
60,-0.39311418871542086,1.1083588141604872,0.6830712591237038,1.2813579512804145,3.998396347508951,0.6278184362647935,2.486328502418617,1.0664349184669835,-1.0529383633796975e-15,-0.9576994698239614,-0.9234836831505636,-0.9868025338350876,-1.7005138109175213,-1.4163663904970651,-0.8256570332523875,-3.7216958725577257e-16,-0.2480835716965727,-0.2660503418766976,-0.6953420109414171,-0.08597547538708472,-0.8516983069634724,-0.46248277606530697,0.0,0.5901758761455319,0.023922968163344292,-0.27109577948848995,-1.7468185307008213,-1.3831653010614824,-0.12429480234067689,0.0,-1.7659721137760074,-1.1643359567987746,0.03670505299801977,0.11092791563897401,-1.2452779433134529,1.64599001730088,-4.681639824092465e-16
61,-0.3776380811253922,-0.3863684296167827,-0.3542631487604309,-0.5522838644764517,-1.4503383214407268e-15,0.0,0.0,-1.2603012058649779e-15,-1.0529383633796975e-15,-1.001413290631968,-0.8551926111101558,0.0,0.0,5.21209314175732e-16,4.1582232089914154e-16,-3.7216958725577257e-16,0.0976636567792274,-0.3098856916546888,0.0,-3.4247806969477734e-16,-2.0901235711123245e-16,-2.722944529134265e-16,0.0,0.7274068213474514,1.9056686346703124,6.178833578533086e-16,0.0,4.2618945840929717e-16,-3.1779744506618205e-16,0.0,-1.6176842489201426,-1.618685489166989,-9.398381539975777e-16,0.0,0.0,-5.554684130120523e-16,-4.681639824092465e-16
62,-0.346685865945335,3.437352426557629,1.430916995040173,1.1195660263606912,0.07935047310798574,1.2409444518789283,0.0,-1.2603012058649779e-15,-1.0529383633796975e-15,-1.088840932247981,-1.0088475232010734,-1.39830194602074,-1.0046528539368873,5.21209314175732e-16,4.1582232089914154e-16,-3.7216958725577257e-16,-0.5073939930534228,0.040797106569240814,-0.6953420109414171,-1.5358165360234528,-2.0901235711123245e-16,-2.722944529134265e-16,0.0,-0.9879799936765451,-0.9388306286541743,-0.3615335054445541,-1.444298092903623,4.2618945840929717e-16,-3.1779744506618205e-16,0.0,1.4963609130530118,1.8646609256559878,0.6716032670178292,-1.1883537159006472,0.0,-5.554684130120523e-16,-4.681639824092465e-16
63,-0.3002575431752491,-0.7687405152342237,-0.6316897927294438,-0.16128671258711966,-1.4503383214407268e-15,0.0,0.0,-2.644179503407438,-1.0481290162546202,-0.6954165449759223,-0.4539825628727595,0.0,0.0,5.21209314175732e-16,-1.83691354795739,-2.1331805820010485,1.567089377801378,-0.3318033665436845,0.0,-3.4247806969477734e-16,-2.0901235711123245e-16,3.1673806060955356,0.2901486046309269,0.006944359037373019,0.04580373172737873,6.178833578533086e-16,0.0,4.2618945840929717e-16,2.7381701080180294,7.115571146451394,0.2853433500634516,-0.003220485191115442,-9.398381539975777e-16,0.0,0.0,-0.017578862374131213,-1.1150424250783022
64,-0.2847814355852205,-0.5427933737330084,-0.43869734475100014,-0.28263065627691253,-1.7250435648974585,-1.7458551384699237,1.0291055453225189,-1.4451473097233514,-0.9947813720188101,-0.4987043513398931,-0.3856914908323517,0.2868861229300267,-0.8306876146917288,-1.3166053723901512,3.36918480552392,2.023554397918599,-0.680267607291323,-0.3975563912106712,-1.2801237284217155,-1.1964920324702601,0.3343497397750168,-0.8549004390016144,-0.7501779021264144,0.6587913487464915,1.1398419099291044,-1.391132231713593,0.8894309986747624,3.7511940842061136,-0.5178837275149992,1.0707773543148666,-0.2089495327894301,-0.3313618141237149,-2.6616123565861725,-2.2277790211323447,-2.3454368822092744,-2.469154053474148,-1.1782951191800994
65,-0.23835311281513463,-0.629696120464245,-0.11302258878737653,-0.3230786375068433,-1.4503383214407268e-15,0.0,0.0,-1.2603012058649779e-15,-1.0529383633796975e-15,-0.2145645160878508,-0.44544617886770854,0.0,0.0,5.21209314175732e-16,4.1582232089914154e-16,-3.7216958725577257e-16,-0.4209571859344728,-0.3975563912106712,0.0,-3.4247806969477734e-16,-2.0901235711123245e-16,-2.722944529134265e-16,0.0,-0.5762871580707858,-0.7200229930138292,6.178833578533086e-16,0.0,4.2618945840929717e-16,-3.1779744506618205e-16,0.0,0.06291155277965473,-0.28087853274946906,-9.398381539975777e-16,0.0,0.0,-5.554684130120523e-16,-4.681639824092465e-16
66,-0.222877005225106,0.15242860011688453,0.11615594318702559,0.12184915602239615,-1.4503383214407268e-15,0.0,0.0,-1.2603012058649779e-15,-1.0529383633796975e-15,1.774414330676445,-0.1893546587161792,0.0,0.0,5.21209314175732e-16,4.1582232089914154e-16,-3.7216958725577257e-16,-0.37773878237499775,-0.2660503418766976,0.0,-3.4247806969477734e-16,-2.0901235711123245e-16,-2.722944529134265e-16,0.0,0.22994464499049252,1.1617226734931387,6.178833578533086e-16,0.0,4.2618945840929717e-16,-3.1779744506618205e-16,0.0,0.33477263834874,0.07250443687025336,-9.398381539975777e-16,0.0,0.0,-5.554684130120523e-16,-4.681639824092465e-16
67,-0.17644868245502013,-1.2553958969291488,-0.7884961567119291,-0.03994276889732722,-1.4503383214407268e-15,0.0,0.0,0.5697943648700239,0.5700828588982891,-0.25827833689585733,-0.4795917148879125,0.0,0.0,5.21209314175732e-16,0.33541526140891187,0.012231020538124197,0.8755949208497777,-0.2660503418766976,0.0,-3.4247806969477734e-16,-2.0901235711123245e-16,-0.5605871917993839,-0.7971603895283589,-0.9879799936765451,-0.9825921557822435,6.178833578533086e-16,0.0,4.2618945840929717e-16,-1.0045027622759792,-0.9441539097306421,0.5572044356325364,1.2083782677907895,-9.398381539975777e-16,0.0,0.0,-0.8556173205562796,-0.27167317038767413
68,-0.1609725748649915,-0.629696120464245,-0.2577669247712092,-0.7140757893961751,-1.4503383214407268e-15,0.0,0.0,-1.2603012058649779e-15,-1.0529383633796975e-15,0.7252826312842893,-0.41130064284750467,0.0,0.0,5.21209314175732e-16,4.1582232089914154e-16,-3.7216958725577257e-16,0.011226849660277411,-0.44139174098866246,0.0,-3.4247806969477734e-16,-2.0901235711123245e-16,-2.722944529134265e-16,0.0,1.9967930644652088,1.1617226734931387,6.178833578533086e-16,0.0,4.2618945840929717e-16,-3.1779744506618205e-16,0.0,-0.33252275350265054,0.2996792030543607,-9.398381539975777e-16,0.0,0.0,-5.554684130120523e-16,-4.681639824092465e-16
69,-0.13002035968493425,-0.40374897896302964,-0.2698289527698617,-0.13432139176716582,-0.4105302611921346,0.6278184362647935,0.0,-0.21064079078233983,-0.23605932066506505,0.24443060239621747,0.2801464615616249,-1.6726348874778416,-1.7049744580776538,5.21209314175732e-16,-1.3125583181103517,-1.5968276813662554,-0.031991553899197646,-0.06879126787573722,-1.3678409860437601,-0.7337768003522703,-2.0901235711123245e-16,-0.7077438154004991,-0.8307193091011763,-0.7306719714229454,-0.8731883379620708,-2.7963953581078216,-1.7597836923207009,4.2618945840929717e-16,-1.7702121257969332,-1.472544975476842,-0.08537631207620881,0.032117811770856486,0.4599705290112258,-0.5820222878488238,0.0,-1.230858421234854,-1.4313058955872875
70,-0.08359203691484839,0.6634167508965554,0.5322959091405447,0.6341902516015206,-1.4503383214407268e-15,0.0,0.0,-1.2603012058649779e-15,-1.0529383633796975e-15,-0.504168578940894,-0.4966644828980145,0.0,0.0,5.21209314175732e-16,4.1582232089914154e-16,-3.7216958725577257e-16,-0.05360075567893518,-0.17837964232071526,0.0,-3.4247806969477734e-16,-2.0901235711123245e-16,-2.722944529134265e-16,0.0,0.1441753042392927,-0.01983855896472477,6.178833578533086e-16,0.0,4.2618945840929717e-16,-3.1779744506618205e-16,0.0,0.5201324694185706,0.4006457658028528,-9.398381539975777e-16,0.0,0.0,-5.554684130120523e-16,-4.681639824092465e-16
71,-0.05263982173479114,1.0735977154679928,0.9966839870886749,1.4970805178400457,-1.85567842737749,-0.3707010748782233,0.0,-1.2603012058649779e-15,-1.0529383633796975e-15,1.1624208393643545,1.7910864304556489,-0.3793510206086483,-0.4336900174399566,5.21209314175732e-16,4.1582232089914154e-16,-3.7216958725577257e-16,2.863641484585629,0.25997385545919677,-0.8220447163954817,-1.7825979931530471,-2.0901235711123245e-16,-2.722944529134265e-16,0.0,1.55079249255897,1.6430994719018983,1.9341933842093837,-0.8824744227088264,4.2618945840929717e-16,-3.1779744506618205e-16,0.0,-1.5188256723495666,-1.1643359567987746,-2.2171836067723056,-0.06230963523297565,0.0,-5.554684130120523e-16,-4.681639824092465e-16
72,-0.03716371414476252,0.06552585338564791,-0.11302258878737653,-0.6871104685762213,-1.4503383214407268e-15,0.0,-0.7809875448820505,0.0022051607592144707,-0.6509854424991444,0.3755720648202371,0.5447743657182055,0.0,0.0,-1.636427459850552,-1.6496438230120194,-1.1945630058901604,0.5298476923739778,0.12846780612522318,0.0,-3.4247806969477734e-16,-1.482374649276796,-0.7175542569739068,-0.770313253870105,-0.6792103669722256,-0.6324999387576912,6.178833578533086e-16,0.0,-1.618290170106447,0.999222674975115,-1.2118720497087168,-0.1348056003614977,-0.8109529871790525,-9.398381539975777e-16,0.0,-1.1684286056699946,1.9962150446008826,-0.11354143513318148
73,0.009264608625323351,-1.1511126008516646,-0.8608683247038457,-0.03994276889732722,-0.3288834721421148,-1.1239701797755879,0.0,-1.2603012058649779e-15,-1.0529383633796975e-15,-0.6954165449759223,-0.6844649310091361,5.969497053112846,-0.43815066460008883,5.21209314175732e-16,4.1582232089914154e-16,-3.7216958725577257e-16,-0.853141221529223,-0.44139174098866246,6.90682031630246,0.530978167436902,-2.0901235711123245e-16,-2.722944529134265e-16,0.0,-0.43905621286886615,-0.5449768845015531,1.509831747030929,-0.7355359243501873,4.2618945840929717e-16,-3.1779744506618205e-16,0.0,0.16177012935023113,-0.05370376656536176,-0.5452849765201391,-2.0372177151732,0.0,-5.554684130120523e-16,-4.681639824092465e-16
74,0.024740716215351975,-0.28208513353929854,0.39358258715603844,0.7420515348813363,-1.4503383214407268e-15,0.0,2.50593239870242,1.2721860049571516,-0.7102606027611554,-0.9795563802279647,-0.5478827869283204,0.0,0.0,-1.8946324478919763,-1.7245517129901675,-1.6973938502352792,-0.07520995745867258,-0.22221499209870643,0.0,-3.4247806969477734e-16,-0.8422852272274527,-0.5605871917993839,-0.6830600629807795,0.5558681398450518,0.46153823944403455,6.178833578533086e-16,0.0,0.7521523872040135,-0.27457421013450894,0.09149257913190968,-0.3819520417879385,0.7035454540483289,-9.398381539975777e-16,0.0,-0.739690195659123,-1.2683825313027108,-2.4855174639505724
75,0.05569293139540922,-0.18823016706956314,-0.29797368476671815,-0.057919649443963585,-1.4503383214407268e-15,0.0,2.623555776405244,0.740071126103267,1.6963109038765043,-0.3092777945051981,-0.30317311211685893,0.0,0.0,-1.868225119569558,-1.350012263099426,-1.5968276813662554,-0.3633326478551734,-0.4267799577293322,0.0,-3.4247806969477734e-16,-0.10806500781791184,-0.5802080749461992,-0.6964836308099065,-0.22177388296582662,-0.16571031605828807,6.178833578533086e-16,0.0,0.20032871495562682,-1.3837793628985078,-0.25372291715560774,-0.23366417693207409,0.5689233703836734,-9.398381539975777e-16,0.0,-1.1482050957638215,-3.607385392199155,-1.7791957131471716
76,0.08664514657546647,0.3088535442331102,0.7071953151210092,0.9038434598010597,1.8755798322084287,-1.141488065935992,0.0,-1.2603012058649779e-15,-1.0529383633796975e-15,-0.9358425594199581,-0.9064109151404617,-2.201705560287966,-1.160775504541517,5.21209314175732e-16,4.1582232089914154e-16,-3.7216958725577257e-16,0.011226849660277411,-0.17837964232071526,-1.085196489261616,-1.7209026288706486,-2.0901235711123245e-16,-2.722944529134265e-16,0.0,0.5558681398450518,0.986676564980863,1.676793702642124,-0.06999096119635151,4.2618945840929717e-16,-3.1779744506618205e-16,0.0,0.4583458590619604,1.0064451422938054,-0.8098258990283936,-1.2836343688802199,0.0,-5.554684130120523e-16,-4.681639824092465e-16
77,0.1021212541654951,-0.038757442691836265,0.15234202718298387,0.5532942891416587,-1.4503383214407268e-15,0.0,0.0,-1.2603012058649779e-15,-1.0529383633796975e-15,-0.7828441865919354,-0.6503193949889321,0.0,0.0,5.21209314175732e-16,4.1582232089914154e-16,-3.7216958725577257e-16,0.27053727101712766,0.303809205237188,0.0,-3.4247806969477734e-16,-2.0901235711123245e-16,-2.722944529134265e-16,0.0,0.006944359037373019,0.2427306038036894,6.178833578533086e-16,0.0,4.2618945840929717e-16,-3.1779744506618205e-16,0.0,0.06291155277965473,0.5016123285513451,-9.398381539975777e-16,0.0,0.0,-5.554684130120523e-16,-4.681639824092465e-16
78,0.11759736175552371,-0.3863684296167827,-0.7523100727159711,-0.8219370726759906,-2.6966403545926974,-2.0874539185977987,0.0,-1.2603012058649779e-15,-1.0529383633796975e-15,0.288144423204224,0.10941878146060528,-0.5948983317535138,0.1863399378184288,5.21209314175732e-16,4.1582232089914154e-16,-3.7216958725577257e-16,0.3569740781360775,-0.2879680167656932,-0.30548753262121836,0.16080598174251007,-2.0901235711123245e-16,-2.722944529134265e-16,0.0,-0.7306719714229454,-0.8731883379620708,-1.4537429650677915,-2.364824567915097,4.2618945840929717e-16,-3.1779744506618205e-16,0.0,1.867080575192673,1.0316867829809284,2.6503693673795703,0.41409362966488533,0.0,-5.554684130120523e-16,-4.681639824092465e-16
79,0.13307346934555234,-1.2901569956216434,-0.7402480447173184,-0.6601451477562672,-1.4503383214407268e-15,0.0,-2.022567642856304,0.5697943648700239,-1.5993880066913253,-0.7609872761879322,-0.6844649310091361,0.0,0.0,-0.9116930047797357,-1.0878346481759067,-1.1945630058901604,0.6162844994929276,0.21613850568120552,0.0,-3.4247806969477734e-16,1.6710070622898219,-0.7322699193340183,-0.4145887063982398,0.1441753042392927,0.3740151851878964,6.178833578533086e-16,0.0,-1.896601239588242,-2.278299647385604,-0.9371086955206928,0.8043508770589772,0.9559618609195591,-9.398381539975777e-16,0.0,2.039020065449074,5.823674271522334,2.5114453700913977
80,0.14854957693558096,-2.1591844629340096,-1.198605108666122,-1.4960700931748387,-1.4503383214407268e-15,0.0,0.0,-1.2603012058649779e-15,-1.0529383633796975e-15,0.8782810041123119,0.2716100775565739,0.0,0.0,5.21209314175732e-16,4.1582232089914154e-16,-3.7216958725577257e-16,-0.7667044144102729,-0.45454234592205983,0.0,-3.4247806969477734e-16,-2.0901235711123245e-16,-2.722944529134265e-16,0.0,0.006944359037373019,-0.5012153573734841,6.178833578533086e-16,0.0,4.2618945840929717e-16,-3.1779744506618205e-16,0.0,1.1009266067707064,1.8646609256559878,-9.398381539975777e-16,0.0,0.0,-5.554684130120523e-16,-4.681639824092465e-16
81,0.1640256845256096,-1.0815904034666757,-0.13714664478468191,-0.03994276889732722,-1.4503383214407268e-15,0.0,0.0,-1.2603012058649779e-15,-1.0529383633796975e-15,-0.1927076056838475,-0.7869015390697479,0.0,0.0,5.21209314175732e-16,4.1582232089914154e-16,-3.7216958725577257e-16,0.44341088525502764,-0.13454429254272401,0.0,-3.4247806969477734e-16,-2.0901235711123245e-16,-2.722944529134265e-16,0.0,1.0018687117512908,1.1179611463650698,6.178833578533086e-16,0.0,4.2618945840929717e-16,-3.1779744506618205e-16,0.0,-1.5682549606348546,-1.4167523636700048,-9.398381539975777e-16,0.0,0.0,-5.554684130120523e-16,-4.681639824092465e-16
82,0.19497789970566684,-0.4593667368710215,-0.31083984796528114,-0.5118358832465207,-1.4503383214407268e-15,0.0,0.0,-1.2603012058649779e-15,-1.0529383633796975e-15,-0.7609872761879322,-0.752756003049544,0.0,0.0,5.21209314175732e-16,4.1582232089914154e-16,-3.7216958725577257e-16,-0.6284055230199529,-0.4852270907666536,0.0,-3.4247806969477734e-16,-2.0901235711123245e-16,-2.722944529134265e-16,0.0,-0.47336394916934604,-0.5887384116296221,6.178833578533086e-16,0.0,4.2618945840929717e-16,-3.1779744506618205e-16,0.0,-1.073962077781973,-0.45757001755933,-9.398381539975777e-16,0.0,0.0,-5.554684130120523e-16,-4.681639824092465e-16
83,0.2259301148857241,-0.5949350217717505,-1.0779848286795948,-1.107769473367502,-1.4503383214407268e-15,0.0,0.0,-1.2603012058649779e-15,-1.0529383633796975e-15,-0.6079889033599093,-0.6503193949889321,0.0,0.0,5.21209314175732e-16,4.1582232089914154e-16,-3.7216958725577257e-16,-0.6716239265794279,-0.4808435557888545,0.0,-3.4247806969477734e-16,-2.0901235711123245e-16,-2.722944529134265e-16,0.0,-0.8061489912840013,-1.3370605255196026,6.178833578533086e-16,0.0,4.2618945840929717e-16,-3.1779744506618205e-16,0.0,-0.9157883552690508,-1.5480088952430446,-9.398381539975777e-16,0.0,0.0,-5.554684130120523e-16,-4.681639824092465e-16
84,0.2414062224757527,-1.220634798236654,-1.4398456686391765,-0.9567636767757604,2.202166988408508,1.5913021750870049,0.0,-6.6669679875428045,-4.50387085952988,-0.38941979931987686,-0.7869015390697479,-2.1821103501838874,-1.1429329159009878,5.21209314175732e-16,-2.4249404842858544,-2.2940864521914865,-0.680267607291323,-0.46330941587765806,-0.5686393054873525,-1.2581873967526587,-2.0901235711123245e-16,6.3067219095859945,6.162959529873983,0.3500217220421723,-0.505591510086291,0.10456862063669993,-1.7597836923207009,4.2618945840929717e-16,4.319681970991215,2.9729851910011864,-1.0541903624678577,-0.8816295811029967,1.9202364212567893,-0.919835512049126,0.0,0.3326461649258714,0.19217991969217071
85,0.2568823300657813,-1.4639624890841165,-0.6196277647307911,-0.8489023934959447,-1.4503383214407268e-15,0.0,0.0,-1.2603012058649779e-15,-1.0529383633796975e-15,-0.1927076056838475,0.10088239745555429,0.0,0.0,5.21209314175732e-16,4.1582232089914154e-16,-3.7216958725577257e-16,-0.7061986494270079,-0.44577527596646155,0.0,-3.4247806969477734e-16,-2.0901235711123245e-16,-2.722944529134265e-16,0.0,-1.0154261827169289,-1.1751428751457471,6.178833578533086e-16,0.0,4.2618945840929717e-16,-3.1779744506618205e-16,0.0,-0.5450686931293895,-1.6792654268160843,-9.398381539975777e-16,0.0,0.0,-5.554684130120523e-16,-4.681639824092465e-16
86,0.28783454524583857,-0.2125629361543095,-0.45075937274965283,-0.22870001463700443,-1.4503383214407268e-15,0.0,0.0,-1.2603012058649779e-15,-1.0529383633796975e-15,-0.017852322451821567,-0.11252720267072029,0.0,0.0,5.21209314175732e-16,4.1582232089914154e-16,-3.7216958725577257e-16,-0.6456928844437428,-0.37344694883277607,0.0,-3.4247806969477734e-16,-2.0901235711123245e-16,-2.722944529134265e-16,0.0,-0.2349251818810105,-0.35023808878164586,6.178833578533086e-16,0.0,4.2618945840929717e-16,-3.1779744506618205e-16,0.0,1.3233584040545032,0.854995298171067,-9.398381539975777e-16,0.0,0.0,-5.554684130120523e-16,-4.681639824092465e-16
87,0.3033106528358672,-0.8035016139267182,-0.5472555967388746,-0.9297983559558063,-1.4503383214407268e-15,0.0,0.0,-1.2603012058649779e-15,-1.0529383633796975e-15,-0.8921287386119516,-1.0429930592212773,0.0,0.0,5.21209314175732e-16,4.1582232089914154e-16,-3.7216958725577257e-16,-0.48146295091773783,7.9311600666076565,0.0,-3.4247806969477734e-16,-2.0901235711123245e-16,-2.722944529134265e-16,0.0,-0.493948590949634,1.1179611463650698,6.178833578533086e-16,0.0,4.2618945840929717e-16,-3.1779744506618205e-16,0.0,-0.7477287750990711,-1.4773323013191002,-9.398381539975777e-16,0.0,0.0,-5.554684130120523e-16,-4.681639824092465e-16
88,0.3187867604258958,0.020336425085404605,-0.45075937274965283,-0.7814890914460598,-1.4503383214407268e-15,0.0,0.0,-1.2603012058649779e-15,-1.0529383633796975e-15,-0.5424181721478996,-0.5222736349131675,0.0,0.0,5.21209314175732e-16,4.1582232089914154e-16,-3.7216958725577257e-16,-0.4339227070023153,-0.42166583358856635,0.0,-3.4247806969477734e-16,-2.0901235711123245e-16,-2.722944529134265e-16,0.0,-0.7649797077234255,-0.6696972368165498,6.178833578533086e-16,0.0,4.2618945840929717e-16,-3.1779744506618205e-16,0.0,-0.7081853444708405,0.7792703761096973,-9.398381539975777e-16,0.0,0.0,-5.554684130120523e-16,-4.681639824092465e-16
89,0.3497389756059531,-0.2125629361543095,0.007597691199150759,-0.14780405217714299,-1.4503383214407268e-15,0.0,-3.9829572712367045,-1.2603012058649779e-15,-1.0529383633796975e-15,-0.4987043513398931,0.3740466856171858,0.0,0.0,-2.0618788606006264,4.1582232089914154e-16,-3.7216958725577257e-16,0.18410046389817752,-0.09070894276473283,0.0,-3.4247806969477734e-16,10.349866578900036,-2.722944529134265e-16,0.0,2.202639482268088,2.2119993245667953,6.178833578533086e-16,0.0,0.9248971889513341,-3.1779744506618205e-16,0.0,-1.7659721137760074,-1.265302519547267,-9.398381539975777e-16,0.0,-0.3958905272541785,-5.554684130120523e-16,-4.681639824092465e-16
90,0.36521508319598167,-0.22994348550055643,-0.016526364798154614,0.1622971372523271,-1.4503383214407268e-15,0.0,0.0,-1.2603012058649779e-15,-1.0529383633796975e-15,-0.793772641793937,-0.5137372509081165,0.0,0.0,5.21209314175732e-16,4.1582232089914154e-16,-3.7216958725577257e-16,-0.6456928844437428,-0.06879126787573722,0.0,-3.4247806969477734e-16,-2.0901235711123245e-16,-2.722944529134265e-16,0.0,0.6347759333361555,1.4505487525383944,6.178833578533086e-16,0.0,4.2618945840929717e-16,-3.1779744506618205e-16,0.0,-1.3359373056940003,-0.9926928001263382,-9.398381539975777e-16,0.0,0.0,-5.554684130120523e-16,-4.681639824092465e-16
91,0.4116434059660676,-0.1951823868080619,0.4659547551479546,0.36453704340198145,-1.4503383214407268e-15,0.0,0.0,-1.2603012058649779e-15,-1.0529383633796975e-15,-1.088840932247981,0.42526498964749176,0.0,0.0,5.21209314175732e-16,4.1582232089914154e-16,-3.7216958725577257e-16,-0.4296008666463678,-0.1301607575649249,0.0,-3.4247806969477734e-16,-2.0901235711123245e-16,-2.722944529134265e-16,0.0,1.780654325772185,1.61246640291225,6.178833578533086e-16,0.0,4.2618945840929717e-16,-3.1779744506618205e-16,0.0,-2.013118555202448,-1.8711018960382193,-9.398381539975777e-16,0.0,0.0,-5.554684130120523e-16,-4.681639824092465e-16
92,0.44259562114612483,0.6912256298505511,0.17646608318028922,-0.4983532228365438,-1.4503383214407268e-15,0.0,0.0,-6.6669679875428045,-4.50387085952988,-0.8287436984403422,-1.0754313184404711,0.0,0.0,5.21209314175732e-16,-2.323814832815354,-2.1700548439196905,-0.732129691562693,3.4599543892525544,0.0,-3.4247806969477734e-16,-2.0901235711123245e-16,9.20080217374126,9.149703371854738,-0.8884875584051533,1.818145580414174,6.178833578533086e-16,0.0,4.2618945840929717e-16,4.813457168028091,3.945224751974195,1.298643759911859,0.7540287354225753,-9.398381539975777e-16,0.0,0.0,1.64599001730088,1.3096441821572533
93,0.4580717287361534,-0.7339794165417292,-0.5351935687402218,-0.430939920786659,-1.4503383214407268e-15,0.0,0.0,-1.2603012058649779e-15,-1.0529383633796975e-15,-0.8156295521979403,-0.752756003049544,0.0,0.0,5.21209314175732e-16,4.1582232089914154e-16,-3.7216958725577257e-16,-0.6024744808842678,-0.42824113605526504,0.0,-3.4247806969477734e-16,-2.0901235711123245e-16,-2.722944529134265e-16,0.0,-0.2417867291411065,-0.41369230311734595,6.178833578533086e-16,0.0,4.2618945840929717e-16,-3.1779744506618205e-16,0.0,-0.8268156363555322,-0.10418704793960762,-9.398381539975777e-16,0.0,0.0,-5.554684130120523e-16,-4.681639824092465e-16
94,0.4735478363261821,-0.6470766698104925,9.114428830181962,-0.4848705624265669,-1.4503383214407268e-15,0.0,0.0,-1.2603012058649779e-15,-1.0529383633796975e-15,0.05864686396218989,0.16063708549091124,0.0,0.0,5.21209314175732e-16,4.1582232089914154e-16,-3.7216958725577257e-16,-0.5549342369688454,-0.2770091793211954,0.0,-3.4247806969477734e-16,-2.0901235711123245e-16,-2.722944529134265e-16,0.0,0.6467836410413238,1.2164245824032252,6.178833578533086e-16,0.0,4.2618945840929717e-16,-3.1779744506618205e-16,0.0,1.298643759911859,0.24919592168011478,-9.398381539975777e-16,0.0,0.0,-5.554684130120523e-16,-4.681639824092465e-16
95,0.4890239439162107,-1.1511126008516646,-0.7884961567119291,-0.47138790201658975,-1.4503383214407268e-15,0.0,0.0,-1.2603012058649779e-15,-1.0529383633796975e-15,0.9438517353243218,1.0911029420414684,0.0,0.0,5.21209314175732e-16,4.1582232089914154e-16,-3.7216958725577257e-16,-0.6024744808842678,0.22052204065900466,0.0,-3.4247806969477734e-16,-2.0901235711123245e-16,-2.722944529134265e-16,0.0,1.7909466466623292,2.098219354033816,6.178833578533086e-16,0.0,4.2618945840929717e-16,-3.1779744506618205e-16,0.0,-1.7165428254907191,-0.5585365803078223,-9.398381539975777e-16,0.0,0.0,-5.554684130120523e-16,-4.681639824092465e-16
96,0.5045000515062393,-0.8730238113117076,-0.6678758767254018,-0.5792491852964055,-1.5535853078924162,-3.1385270882220273,0.13386094836213597,-0.9910759464347035,0.4159674422170598,-0.2145645160878508,-0.5922719837545855,5.695164111655743,-0.5942733152047185,-0.2925878629985928,-0.750749143274239,-0.15537926091024884,-0.6456928844437428,-0.45454234592205983,6.516965837982261,-1.8442933574354459,-1.2470476558763022,-0.6537863867467568,-0.7938044975710771,-0.8507490484746254,-0.960711392218209,0.8072001838338141,-1.3276116383247036,-0.6442014269201649,-0.7826617317231797,-0.7609783402719594,-0.3819520417879385,-0.5080532989335761,-1.0214586370349967,0.8038781191267719,-0.3958905272541785,0.14502561458658403,-0.166252013551346
97,0.5509283742763251,0.8650311233130243,-4.2852931864888184e-16,0.0,-1.4503383214407268e-15,0.0,3.4011769956628037,0.6407430153838761,-1.0529383633796975e-15,0.0,0.0,0.0,0.0,-1.5827325589283012,-0.4473721888627382,-3.7216958725577257e-16,0.0,-1.2166753654005768e-16,0.0,-3.4247806969477734e-16,-1.0041901986869926,0.17519592620619245,0.0,0.0,-1.9434022004136254e-16,6.178833578533086e-16,0.0,0.01798697977789875,2.6093591870518873,0.0,0.0,0.0,-9.398381539975777e-16,0.0,-0.11276138856775375,-1.6060995219134275,-4.681639824092465e-16
98,0.6283089122264683,-0.038757442691836265,-0.43467666875144906,8.56199457266797,-1.0065518212572817,-2.026141317036385,-2.4930611536676004,0.7116916658977271,-0.23605932066506505,-0.7464160025852632,0.3996558376323388,-1.0181548700016134,1.2122887846488508,1.2155639989706364,-1.6870977680010937,-0.758776274124391,-0.17317167219348323,5.388709779484167,-1.2216455566736857,0.2687728692367078,-0.8196938358610052,-0.7911325687744644,-0.2769971361496882,-0.28581499072672245,0.8575800599530593,-0.21544179428475807,-1.1677079783461846,-0.6202090933441478,-0.2531057233068188,3.6070544698966267,-0.8103392069271028,1.0316867829809275,1.2006851120343376,-0.5820222878488238,-1.285724963125799,0.019945247693725937,-0.060830856715017416
99,0.6747372349965541,1.2126421102379707,0.900187763099453,0.49936364750175105,-1.4503383214407268e-15,0.0,0.0,-0.2177356558337248,0.9850089807323679,-0.5642750825519027,-0.769828771059646,0.0,0.0,5.21209314175732e-16,1.4964875560702116,3.7667013249816774,-0.5592560773247929,-0.40632346116626944,0.0,-3.4247806969477734e-16,-2.0901235711123245e-16,-0.4870088799988262,3.1762156878932286,0.38432945834265214,1.104832688226649,6.178833578533086e-16,0.0,4.2618945840929717e-16,-0.9329411395170117,0.17603514965130174,1.8917952193353174,1.9656274884044806,-9.398381539975777e-16,0.0,0.0,-0.23021548609198966,0.46627492746662547
100,0.6902133425865827,0.2671402258021169,-0.04065042079545999,-0.026460108487350077,-1.4503383214407268e-15,0.0,0.0,-1.2603012058649779e-15,-1.0529383633796975e-15,-0.6517027241679159,0.5959926697485114,0.0,0.0,5.21209314175732e-16,4.1582232089914154e-16,-3.7216958725577257e-16,-0.6543365651556379,-0.32084452909918665,0.0,-3.4247806969477734e-16,-2.0901235711123245e-16,-2.722944529134265e-16,0.0,-0.8953491056652493,0.3083728944957929,6.178833578533086e-16,0.0,4.2618945840929717e-16,-3.1779744506618205e-16,0.0,-0.4709247607014575,-0.47271500197160377,-9.398381539975777e-16,0.0,0.0,-5.554684130120523e-16,-4.681639824092465e-16
101,0.7056894501766114,-0.629696120464245,0.055845803193761936,-0.47138790201658975,-1.667890812562444,0.684751566286107,-0.05237606633400214,0.4775611192020179,-0.2656969007960706,1.555845226636413,2.6276520629506455,-0.1442084993597043,1.557988939559102,1.1436773829818307,-1.3125583181103517,2.794561692581114,3.9008831700130298,1.48736364924295,0.552192319683219,-0.18006090591774257,-0.5881320743549193,-0.1681695288630764,-0.5488243846895097,0.8989455028498511,0.46153823944403455,1.395045402548232,-0.21260773901503063,0.38986815020615934,1.2139075432520186,2.5080010531445303,-0.9009595687834644,-1.3662690822957588,-0.7569177145267426,-0.7985692264387623,-0.7801372154714693,-0.48037621987770585,-0.3770943272240027
102,0.72116555776664,-0.24732403484680401,-0.5110695127429165,-0.8421610632909561,-1.4503383214407268e-15,0.0,0.0,0.5768892299214101,-0.6628404745515464,-0.7500588209859305,-0.4027642588424537,0.0,0.0,5.21209314175732e-16,-0.4511175833616456,0.7832383152006394,-0.6716239265794279,-0.4041316936773699,0.0,-3.4247806969477734e-16,-2.0901235711123245e-16,-0.6047341788797185,-0.7434661182118509,-0.4184715710885782,-0.4902749755914669,6.178833578533086e-16,0.0,4.2618945840929717e-16,-0.5035714029632057,-1.5500423317862846,0.8043508770589772,0.45112904717709873,-9.398381539975777e-16,0.0,0.0,-0.730536953663422,-0.4825154840603313
103,0.7366416653566686,1.0909782648142397,0.4177066431533438,0.28364108094211954,-1.4503383214407268e-15,0.0,0.0,-1.2603012058649779e-15,-1.0529383633796975e-15,-0.9795563802279647,-0.8722653791202577,0.0,0.0,5.21209314175732e-16,4.1582232089914154e-16,-3.7216958725577257e-16,-0.44256638771421025,-0.2309820620543047,0.0,-3.4247806969477734e-16,-2.0901235711123245e-16,-2.722944529134265e-16,0.0,-0.5591332899205459,-0.7200229930138292,6.178833578533086e-16,0.0,4.2618945840929717e-16,-3.1779744506618205e-16,0.0,2.3119441697602667,3.0510180379507696,-9.398381539975777e-16,0.0,0.0,-5.554684130120523e-16,-4.681639824092465e-16
104,0.7521177729466972,-0.07351854138433078,-0.3422011207617782,-0.5253185436564981,-1.4503383214407268e-15,0.0,0.0,-1.2603012058649779e-15,-1.0529383633796975e-15,-0.793772641793937,-0.7869015390697479,0.0,0.0,5.21209314175732e-16,4.1582232089914154e-16,-3.7216958725577257e-16,0.12359469891491244,-0.02495591809774604,0.0,-3.4247806969477734e-16,-2.0901235711123245e-16,-2.722944529134265e-16,0.0,-0.5196793931749939,-0.8075460472699673,6.178833578533086e-16,0.0,4.2618945840929717e-16,-3.1779744506618205e-16,0.0,1.4469316247677229,0.7035454540483289,-9.398381539975777e-16,0.0,0.0,-5.554684130120523e-16,-4.681639824092465e-16
105,0.767593880536726,-0.9077849100042024,-0.8367442687065401,-0.20173469381705061,0.06302111529798206,-0.5984335949634736,-0.5849485820440106,2.549261714206475,-0.6509854424991444,-0.673559634571919,-0.8551926111101558,-0.830040853002458,1.1810642545279253,1.7378422702362446,-0.4511175833616456,0.21336335827617184,-0.4036698245106828,-0.23317382954320423,-1.1046892131776258,2.628620553038456,0.8803083644641627,-0.5017245423589377,-0.5823833042623271,-0.7855643495037133,-0.9344544759413673,-2.337249980177034,-2.032052086338179,-1.3351806339094485,-1.4481848233815786,-1.0568773370898314,0.433631214919316,0.9054785795453133,0.24833779100462325,-0.6686410632847991,-1.4070660225628382,0.3951863483723002,-0.060830856715017416
106,0.7985460957167831,0.3992324008335962,0.2005901391775946,-0.10465953886521667,-1.5535853078924162,-0.8612018873695307,0.5259388740382164,-1.2603012058649779e-15,-1.0529383633796975e-15,-1.0199916644753706,-0.9149472991455126,0.22810049261779103,-1.2633703892245591,-0.8442076101779996,4.1582232089914154e-16,-3.7216958725577257e-16,-0.680267607291323,-0.5071447656556493,-0.30548753262121836,-0.9497105753406656,0.4661328560792931,-2.722944529134265e-16,0.0,-0.6363256965966256,-0.5646695717091842,-0.9667705945351378,-1.3578636821044237,-1.3351806339094485,-3.1779744506618205e-16,0.0,0.7919935549876554,-0.31874099378015325,-2.51346943998155,-2.314397796568319,-2.0218607237105033,-5.554684130120523e-16,-4.681639824092465e-16
107,0.8140222033068117,1.5950141958554125,1.4067929390428675,1.3352885929203222,-1.4503383214407268e-15,0.0,0.0,-1.2603012058649779e-15,-1.0529383633796975e-15,0.3755720648202371,0.5789199017384093,0.0,0.0,5.21209314175732e-16,4.1582232089914154e-16,-3.7216958725577257e-16,0.3569740781360775,-0.26166680689889854,0.0,-3.4247806969477734e-16,-2.0901235711123245e-16,-2.722944529134265e-16,0.0,1.4513000572875778,1.1442180626419112,6.178833578533086e-16,0.0,4.2618945840929717e-16,-3.1779744506618205e-16,0.0,-0.15952024450414168,0.3552108125660315,-9.398381539975777e-16,0.0,0.0,-5.554684130120523e-16,-4.681639824092465e-16
108,0.8604505260768976,-0.6714094388952386,-0.7909085623116594,-1.0053012542516773,1.6469688228683717,-1.4480510737430587,-1.0096996681930974,1.868154669273502,-0.2656969007960706,-0.968627925025963,-0.9747019871808696,0.1301244420973975,-0.5139816663223375,0.32064898359978994,2.957191410644104,1.7889000038908767,-0.13571572244193766,0.303809205237188,-0.6953420109414171,0.7160642602840976,1.012091480768439,-0.6096393996664222,-0.4145887063982398,0.7908761335033394,3.218514448512383,-0.8624193722781407,-0.9170481870285062,-0.4474642915968271,-1.2907492533118499,-1.0991486223495275,-1.019589860668156,-1.2047225818981715,-1.9738059580647118,2.4496348524102918,0.6152849680544807,-1.8562602556991437,-1.8213641758817032
109,0.8759266336669262,2.290236169705305,1.0449320990832858,0.33757172258202767,-0.606482554912183,-0.4495315626000412,-0.5849485820440106,0.01639489086198442,-1.2318820130668555,-0.7828441865919354,-0.7186104670293401,-0.6536839620657499,-1.3704259210677334,-0.6916319354262489,-1.2376504281322034,0.28040747085552065,-0.7926354565459579,-0.4019399261884703,-0.5881320294033625,0.8703026709900944,1.2191792349608737,-0.5017245423589377,-0.11255843024288262,-0.9536722573760651,-0.8075460472699673,-2.3789904690798327,-0.7268924832702676,-1.5942978365304301,-1.834617586280004,-1.9023030422837512,-1.0443045048108002,-1.951875146237013,-0.8098258990283936,0.37078424194689813,3.042106156795264,-0.9806976874491377,-0.8304053016202153
110,0.8914027412569548,-0.49065172569426657,-0.33013909276312553,-0.06690808971728104,-1.4503383214407268e-15,0.0,0.0,-1.2603012058649779e-15,-1.0529383633796975e-15,-0.8484149178039451,-0.769828771059646,0.0,0.0,5.21209314175732e-16,4.1582232089914154e-16,-3.7216958725577257e-16,-0.5073939930534228,-0.44139174098866246,0.0,-3.4247806969477734e-16,-2.0901235711123245e-16,-2.722944529134265e-16,0.0,-0.7409642923130895,-0.8513075743980363,6.178833578533086e-16,0.0,4.2618945840929717e-16,-3.1779744506618205e-16,0.0,0.9526387419148421,1.9151442070302338,-9.398381539975777e-16,0.0,0.0,-5.554684130120523e-16,-4.681639824092465e-16
111,0.9068788488469836,-0.8730238113117076,0.5142028671425657,-0.06690808971728104,-1.4503383214407268e-15,0.0,0.0,-1.2603012058649779e-15,-1.0529383633796975e-15,-1.0997693874499825,-0.9405564511606657,0.0,0.0,5.21209314175732e-16,4.1582232089914154e-16,-3.7216958725577257e-16,-0.6284055230199529,-0.44577527596646155,0.0,-3.4247806969477734e-16,-2.0901235711123245e-16,-2.722944529134265e-16,0.0,-0.7615489340933774,-0.8513075743980363,6.178833578533086e-16,0.0,4.2618945840929717e-16,-3.1779744506618205e-16,0.0,-1.073962077781973,0.5621922662004399,-9.398381539975777e-16,0.0,0.0,-5.554684130120523e-16,-4.681639824092465e-16
112,0.9223549564370122,-1.2553958969291488,-0.7884961567119291,-0.3635266187367742,-1.4503383214407268e-15,0.0,0.0,-1.2603012058649779e-15,-1.0529383633796975e-15,-0.8047010969959386,-0.769828771059646,0.0,0.0,5.21209314175732e-16,4.1582232089914154e-16,-3.7216958725577257e-16,-0.7667044144102729,-0.4852270907666536,0.0,-3.4247806969477734e-16,-2.0901235711123245e-16,-2.722944529134265e-16,0.0,-0.7889951231337614,-0.960711392218209,6.178833578533086e-16,0.0,4.2618945840929717e-16,-3.1779744506618205e-16,0.0,1.0020680302001301,1.4607946746620197,-9.398381539975777e-16,0.0,0.0,-5.554684130120523e-16,-4.681639824092465e-16
113,0.9378310640270408,0.2497596764558693,0.2005901391775946,-0.679020872330235,-0.3288834721421148,-1.737096195389722,-0.19287065636793074,-0.35253809181004186,0.6530680832651042,-0.9576994698239614,-0.761292387054595,-1.535468416749291,-1.3525833324272043,-0.9204954475538751,-0.11403207845997818,-0.3900336549379707,-0.4209571859344728,-0.3756387163216756,1.3513940002396265,8.458832477725128,2.678206594043936,-0.5409663086525685,-0.7837368216992319,-0.8198720858041934,-0.6675091604601463,1.4402642655262639,2.747770830857551,3.6072400827500126,-0.6824754598606249,-0.47916977187398624,-0.08537631207620969,0.4006457658028528,-2.51346943998155,-2.9380529797073374,-0.6830643679218379,-2.0188647326598588,-1.95841167976893
114,0.9533071716170693,-1.1580648205901638,-1.0623041922813463,-0.762613366872092,-1.4503383214407268e-15,0.0,0.0,-1.2603012058649779e-15,-1.0529383633796975e-15,-0.8921287386119516,-0.9149472991455126,0.0,0.0,5.21209314175732e-16,4.1582232089914154e-16,-3.7216958725577257e-16,-0.2048651681370986,-0.22221499209870643,0.0,-3.4247806969477734e-16,-2.0901235711123245e-16,-2.722944529134265e-16,0.0,0.6021835838506996,1.0391903975345453,6.178833578533086e-16,0.0,4.2618945840929717e-16,-3.1779744506618205e-16,0.0,0.4830605032046044,-0.10418704793960762,-9.398381539975777e-16,0.0,0.0,-5.554684130120523e-16,-4.681639824092465e-16
115,0.9842593867971267,-0.5671261428177548,-0.6135967507314646,-0.7005931289861982,-1.4503383214407268e-15,0.0,0.0,-1.2603012058649779e-15,-1.0529383633796975e-15,-1.056055566641976,-0.8466562271051047,0.0,0.0,5.21209314175732e-16,4.1582232089914154e-16,-3.7216958725577257e-16,-0.6500147247996904,-0.4567341134109594,0.0,-3.4247806969477734e-16,-2.0901235711123245e-16,-2.722944529134265e-16,0.0,0.547291205769932,0.6125155080358726,6.178833578533086e-16,0.0,4.2618945840929717e-16,-3.1779744506618205e-16,0.0,1.0514973184854182,0.6025788912998368,-9.398381539975777e-16,0.0,0.0,-5.554684130120523e-16,-4.681639824092465e-16
116,0.9997354943871553,-0.6018872415102492,-0.6341021983291742,-1.1239486658594744,1.201993822545762,0.553367420083078,1.3166293574849772,-0.2957791713989608,-0.7250793928266586,-1.1981254842679971,-1.0942113632515833,-1.1435642146677172,-0.5719700794040571,-0.7136380423615971,-1.4249201530775741,-0.993430668152113,-0.5073939930534228,-0.3098856916546888,-0.8512838022694967,-1.5358165360234528,-0.6869694115831267,-0.5066297631456416,-0.2803530281069699,-1.0600262399075528,-1.3239320673811816,7.409154178626503,4.932400563807318,6.270389109687877,4.4055559183019755,3.1667285817747937,2.830951696755792,1.2083782677907895,-2.778010362489804,-2.6608728983122183,-0.11276138856775447,-2.162707154586646,-2.0374775473961764
117,1.0461638171572412,-0.6992183178492344,-0.872930352702498,-0.7558720366671037,-1.5944087024174254,-2.0874539185977987,-0.45425594015198373,-1.2603012058649779e-15,-1.0529383633796975e-15,-0.7609872761879322,-0.7100740830242891,-1.5648612319054087,0.3246199997825294,-0.9410344806935338,4.1582232089914154e-16,-3.7216958725577257e-16,-0.5073939930534228,-0.44139174098866246,-1.2313919186316906,5.497454992169993,1.5957024244016638,-2.722944529134265e-16,0.0,-0.6208872152614097,-0.43557306668138057,-1.3563484909612606,-0.24285978279475057,0.43545358400059114,-3.1779744506618205e-16,0.0,0.7302069446310452,0.8045120167968212,-0.5452849765201391,-0.32216596154089977,-1.4070660225628382,-5.554684130120523e-16,-4.681639824092465e-16
118,1.0616399247472696,-1.7420512786240736,-0.9091164366984564,-0.7410411102161288,-1.4503383214407268e-15,0.0,0.0,-1.2603012058649779e-15,-1.0529383633796975e-15,-0.5205612617438964,-0.5820283229485244,0.0,0.0,5.21209314175732e-16,4.1582232089914154e-16,-3.7216958725577257e-16,-0.1616467645776227,-0.17837964232071526,0.0,-3.4247806969477734e-16,-2.0901235711123245e-16,-2.722944529134265e-16,0.0,-0.23320979506598655,-0.15112314034893196,6.178833578533086e-16,0.0,4.2618945840929717e-16,-3.1779744506618205e-16,0.0,-0.08537631207620969,-0.5080532989335761,-9.398381539975777e-16,0.0,0.0,-5.554684130120523e-16,-4.681639824092465e-16
119,1.0771160323372984,-0.7652644053649743,-0.4821206455461499,-0.3257751695888386,0.3242908402580466,0.5489879485429764,-0.7940568090712534,-1.0620245969485544,-0.8465934713637818,-0.8265580073999419,-0.8210470750899519,0.44364780376265633,-0.3310951327569146,-0.5537269986313973,2.2081125108626205,0.38097363972454446,-0.4209571859344728,-0.35372104143268,1.3513940002396265,-1.4124258074586553,-1.632983925053112,-0.6096393996664222,-0.9179724999905017,-0.5762871580707858,-0.7637845201418982,5.551702422451953,3.396028911851547,-1.5607085695240066,0.17626401324698723,0.11262822176175755,-0.5302399066438032,-0.4070867361850842,-2.50288780308122,-2.2710884088503316,-0.4080246331978825,4.272677722050897,1.8367499663388955
120,1.1080682475173556,-0.4628428467402708,-0.6558138487267495,-0.6601451477562672,-1.4503383214407268e-15,0.0,0.0,-1.2603012058649779e-15,-1.0529383633796975e-15,-0.8374864626019436,-0.8466562271051049,0.0,0.0,5.21209314175732e-16,4.1582232089914154e-16,-3.7216958725577257e-16,-0.37773878237499775,-0.3098856916546888,0.0,-3.4247806969477734e-16,-2.0901235711123245e-16,-2.722944529134265e-16,0.0,-0.6620564988219857,-0.32616924886120785,6.178833578533086e-16,0.0,4.2618945840929717e-16,-3.1779744506618205e-16,0.0,-0.7279570597849557,-0.8109529871790523,-9.398381539975777e-16,0.0,0.0,-5.554684130120523e-16,-4.681639824092465e-16
121,1.1235443551073843,-0.11523185981532409,-0.6316897927294438,-0.24218267504698157,-1.4503383214407268e-15,0.0,0.0,-1.2603012058649779e-15,-1.0529383633796975e-15,-0.9795563802279647,-0.9234836831505636,0.0,0.0,5.21209314175732e-16,4.1582232089914154e-16,-3.7216958725577257e-16,-0.07520995745867258,-0.17837964232071526,0.0,-3.4247806969477734e-16,-2.0901235711123245e-16,-2.722944529134265e-16,0.0,2.6314861860240875,2.6758715121243273,6.178833578533086e-16,0.0,4.2618945840929717e-16,-3.1779744506618205e-16,0.0,1.0514973184854182,2.0665940511529723,-9.398381539975777e-16,0.0,0.0,-5.554684130120523e-16,-4.681639824092465e-16
122,1.1544965702874415,0.5869423337730676,-0.40251126075504184,-0.5792491852964055,-0.9004109954922549,-1.3867384721816451,-0.5849485820440106,-0.8491786454070015,0.5937929230030932,-0.9139856490159548,-0.735683235039442,-1.319921105604425,0.19080058497856098,0.11232450461182276,-0.4885715283507198,-1.3286512310488587,-0.6197618423080579,-0.09070894276473283,-1.3678409860437601,0.037415253177712667,0.14608814505462156,-0.8107534519212798,-0.8307193091011763,-0.23320979506598655,0.023922968163344292,-1.711142646635051,-0.37683311953350956,-0.9752956302691965,-1.5984642311754107,-1.1202842649793754,-0.43138133007322693,-0.7604697058048063,-1.2330913750416002,0.4574030173828733,-0.7720478115090001,-0.6054565867705639,-0.6933577977329884
123,1.1854487854674987,-0.1082796400768253,-0.14920867278333438,-0.10735607094721202,-1.4503383214407268e-15,0.0,0.0,-1.2603012058649779e-15,-1.0529383633796975e-15,0.2662875128002207,0.7837931178596331,0.0,0.0,5.21209314175732e-16,4.1582232089914154e-16,-3.7216958725577257e-16,-0.29130197525604773,-0.11262661765372846,0.0,-3.4247806969477734e-16,-2.0901235711123245e-16,-2.722944529134265e-16,0.0,1.5851002288594498,1.9494301617983814,6.178833578533086e-16,0.0,4.2618945840929717e-16,-3.1779744506618205e-16,0.0,-0.9503888570687526,-1.2653025195472667,-9.398381539975777e-16,0.0,0.0,-5.554684130120523e-16,-4.681639824092465e-16
124,1.2009248930575274,-0.31684623223179303,-0.016526364798154614,-0.25566533545695874,1.1162646940432406,1.4336411996433693,1.251283036538964,2.024241700403975,0.11959164090700267,-0.9795563802279647,-0.7869015390697479,-1.084778584355481,3.942204846649801,4.677858156798828,-1.0878346481759067,-1.4828526899813619,-0.7667044144102729,-0.4852270907666536,-0.6758492870254081,0.746911942425297,0.6167421318556093,-0.3643783603312301,-0.5656038444759184,-0.6449026306717457,-0.6718853131729533,0.9324216505422112,5.124717127835536,4.950810763006953,0.677195372559761,1.2469077095635999,0.11234084106494316,-0.8109529871790525,1.9943078795590998,2.9693475050261413,7.208149197466942,3.5221955206937494,6.759917990595435
125,1.2318771082375846,-0.14304073876931983,0.12821797118567804,0.01398787274258041,-1.4503383214407268e-15,0.0,0.0,-1.2603012058649779e-15,-1.0529383633796975e-15,1.40284685380839,1.1935395501020805,0.0,0.0,5.21209314175732e-16,4.1582232089914154e-16,-3.7216958725577257e-16,-0.3345203788155227,-0.3098856916546888,0.0,-3.4247806969477734e-16,-2.0901235711123245e-16,-2.722944529134265e-16,0.0,1.2420228658546504,1.1617226734931387,6.178833578533086e-16,0.0,4.2618945840929717e-16,-3.1779744506618205e-16,0.0,-1.5188256723495666,-1.265302519547267,-9.398381539975777e-16,0.0,0.0,-5.554684130120523e-16,-4.681639824092465e-16
126,1.2628293234176418,-0.038757442691836265,0.27296230716951114,-0.28263065627691253,-1.4503383214407268e-15,0.0,0.0,-1.2603012058649779e-15,-1.0529383633796975e-15,-0.7172734553799256,-0.752756003049544,0.0,0.0,5.21209314175732e-16,4.1582232089914154e-16,-3.7216958725577257e-16,-0.783991775834063,-0.40632346116626944,0.0,-3.4247806969477734e-16,-2.0901235711123245e-16,-2.722944529134265e-16,0.0,-0.9296568419657291,-1.048234446474347,6.178833578533086e-16,0.0,4.2618945840929717e-16,-3.1779744506618205e-16,0.0,0.16177012935023113,-0.5080532989335761,-9.398381539975777e-16,0.0,0.0,-5.554684130120523e-16,-4.681639824092465e-16
127,1.2783054310076705,-0.17084961772331558,-0.2577669247712092,-0.22870001463700443,-4.362234851213107,-0.6860230257654923,-1.865736472585872,0.59107896002418,-0.34868212516288677,-0.8156295521979403,-0.8210470750899519,2.9518346970847285,-0.4203080759595597,-0.9028905620055961,-1.125288593164981,-0.6917321615450418,-0.3345203788155227,-0.11262661765372846,-0.6563565631093973,-0.5178430253638749,-0.5410666756748206,-0.7666064648409453,-0.860922336716712,-0.5419794217703059,-0.41150422676094256,-1.2659107650051962,1.31295961159084,0.7041677200519791,-0.8327548676544568,-0.9582443381505408,-0.1842348886467861,-0.003220485191115442,-2.5981225351841912,7.724718276461155,7.45892072030349,-0.49288425656699136,-2.243048803227017
128,1.3092576461877277,2.881174847477714,1.1896764350671183,1.6588724427597694,-1.4503383214407268e-15,0.0,0.0,-1.2603012058649779e-15,-1.0529383633796975e-15,-0.9139856490159548,-0.8893381471303596,0.0,0.0,5.21209314175732e-16,4.1582232089914154e-16,-3.7216958725577257e-16,-0.5073939930534228,-0.3975563912106712,0.0,-3.4247806969477734e-16,-2.0901235711123245e-16,-2.722944529134265e-16,0.0,-0.9879799936765451,-1.3239320673811816,6.178833578533086e-16,0.0,4.2618945840929717e-16,-3.1779744506618205e-16,0.0,0.7054923004884013,0.9559618609195591,-9.398381539975777e-16,0.0,0.0,-5.554684130120523e-16,-4.681639824092465e-16
129,1.3247337537777564,-0.49065172569426657,-0.20951881277659803,-0.012977448077373407,-1.4503383214407268e-15,0.0,0.0,-1.2603012058649779e-15,-1.0529383633796975e-15,2.189695628352507,1.9959596465768727,0.0,0.0,5.21209314175732e-16,4.1582232089914154e-16,-3.7216958725577257e-16,-0.3345203788155227,-0.13454429254272401,0.0,-3.4247806969477734e-16,-2.0901235711123245e-16,-2.722944529134265e-16,0.0,1.1390996569532106,1.0304380921089318,6.178833578533086e-16,0.0,4.2618945840929717e-16,-3.1779744506618205e-16,0.0,-0.6785277714996676,-1.5177189264184971,-9.398381539975777e-16,0.0,0.0,-5.554684130120523e-16,-4.681639824092465e-16
130,1.3866381841378708,0.16980914946313147,-0.06477447679276536,0.36453704340198145,-1.4503383214407268e-15,0.0,0.0,-1.2603012058649779e-15,-1.0529383633796975e-15,1.9492696139084713,2.269123934738504,0.0,0.0,5.21209314175732e-16,4.1582232089914154e-16,-3.7216958725577257e-16,2.2585838347529785,-0.17837964232071526,0.0,-3.4247806969477734e-16,-2.0901235711123245e-16,-2.722944529134265e-16,0.0,1.5164847562584896,1.9494301617983814,6.178833578533086e-16,0.0,4.2618945840929717e-16,-3.1779744506618205e-16,0.0,0.359487282491384,-1.3662690822957588,-9.398381539975777e-16,0.0,0.0,-5.554684130120523e-16,-4.681639824092465e-16
131,1.4330665069079567,1.699297491932896,0.4418306991506492,-0.14780405217714299,-0.5819885181971775,-1.071416521294377,-3.5908793455606247,-0.11131268006294766,-2.032096676604008,-0.8921287386119516,-0.7869015390697479,-1.2219450550840318,5.556959118617682,4.707199632712626,-1.162742538154055,0.816760371490314,-0.5073939930534228,-0.3975563912106712,5.542329642181764,-0.5795383896462736,-1.2752868950843614,-0.7567960232675376,-0.5857391962196088,-0.43905621286886615,-0.06360008609279384,-1.1963432835005317,-2.209242628476538,-3.029039384376235,-2.0993955904881845,-1.0357416944599835,2.682663831899928,1.5617612374105119,-0.5981931610217907,-0.7552598387207735,0.23103827983719039,-1.8562602556991437,0.5189855058847895
132,1.4640187220880139,-0.6992183178492344,-1.0056126606876783,-0.9837289975957142,-4.092800447348041,0.0,-2.9439507681950925,-1.2603012058649779e-15,-1.0529383633796975e-15,-0.5642750825519027,-0.6332466269788303,-2.14291992997573,0.0,2.601655321138465,4.1582232089914154e-16,-3.7216958725577257e-16,-0.827210179393538,-0.5465965804558413,-1.3288555382117402,-3.4247806969477734e-16,-1.16515386217293,-2.722944529134265e-16,0.0,-0.9022106529253451,-1.1051244317408366,-2.351163476477967,0.0,-2.943626676845615,-3.1779744506618205e-16,0.0,-0.2830934652173621,0.24919592168011478,3.105379754093767,0.0,0.3523793392742298,-5.554684130120523e-16,-4.681639824092465e-16
133,1.4794948296780426,-0.3863684296167827,-0.40251126075504184,-0.1747693729970968,-0.818764206442235,-0.773612456567512,-1.8330633121128654,-0.6859967492251432,-3.1346146574774187,-0.6298458137639126,-0.6161738589687282,0.7963615856360725,-2.0595959073081693,2.4552413563286115,2.33920131832438,-1.0303049300707552,-0.835853860105433,-0.22221499209870643,-0.16416528423014615,0.5695377701134009,-0.3297430356011771,-0.5777554645528473,0.9848182397882487,-0.9536722573760651,-1.1357575007304848,-1.3389566205850942,-1.3144303906778259,-2.381246377823781,-1.9587770017668131,-0.9864251949903381,0.013482264494366734,0.24919592168011478,6.348651464044962,3.9784562388552467,-0.10669433559590157,3.428385245524106,4.524989465665272
134,1.4949709372680713,0.8997922220055196,0.7795674831129257,0.14881447684234997,-1.4503383214407268e-15,0.0,0.0,-1.2603012058649779e-15,-1.0529383633796975e-15,-0.8025154059555384,-0.7749506014626766,0.0,0.0,5.21209314175732e-16,4.1582232089914154e-16,-3.7216958725577257e-16,-0.732129691562693,-0.37125518134387653,0.0,-3.4247806969477734e-16,-2.0901235711123245e-16,-2.722944529134265e-16,0.0,0.3671755901924122,0.11144602241948223,6.178833578533086e-16,0.0,4.2618945840929717e-16,-3.1779744506618205e-16,0.0,1.4469316247677237,-0.003220485191115442,-9.398381539975777e-16,0.0,0.0,-5.554684130120523e-16,-4.681639824092465e-16
135,1.5104470448580998,0.2740924455406157,-0.4990074847442638,-1.064624960055576,-1.4503383214407268e-15,0.0,0.0,-1.2603012058649779e-15,-1.0529383633796975e-15,-0.7391303657839289,-0.752756003049544,0.0,0.0,5.21209314175732e-16,4.1582232089914154e-16,-3.7216958725577257e-16,-0.9395780286481731,-0.572897790322636,0.0,-3.4247806969477734e-16,-2.0901235711123245e-16,-2.722944529134265e-16,0.0,-1.0909032025779848,-1.3764458999348645,6.178833578533086e-16,0.0,4.2618945840929717e-16,-3.1779744506618205e-16,0.0,-0.6290984832143793,0.14822935893162262,-9.398381539975777e-16,0.0,0.0,-5.554684130120523e-16,-4.681639824092465e-16
136,1.5413992600381572,1.3343059556617025,0.8519396511048418,0.9308087806210136,-1.4503383214407268e-15,0.0,0.0,-1.2603012058649779e-15,-1.0529383633796975e-15,1.2717053913843703,2.013032414586975,0.0,0.0,5.21209314175732e-16,4.1582232089914154e-16,-3.7216958725577257e-16,-0.2394398909846777,-0.13454429254272401,0.0,-3.4247806969477734e-16,-2.0901235711123245e-16,-2.722944529134265e-16,0.0,0.6416374805962516,1.380530309133484,6.178833578533086e-16,0.0,4.2618945840929717e-16,-3.1779744506618205e-16,0.0,1.1503558950559944,0.5016123285513451,-9.398381539975777e-16,0.0,0.0,-5.554684130120523e-16,-4.681639824092465e-16
137,1.5568753676281857,0.10028695207814244,0.12821797118567804,-0.06690808971728104,-0.37378920611962557,-0.09917383939196517,-0.04584143423940036,0.28954719534031165,-1.5223302983507105,1.9711265243124745,3.310562783354724,1.2039419558009095,2.2114737485184794,1.8302679193647096,-1.0485080059373788,0.3608604059507401,-0.37773878237499775,-0.15646196743171964,-0.7586933636684495,1.6476642609483172,-0.9966597348981767,-0.6734072698935721,-0.6797041710234977,0.03782132170780491,0.47029054486964816,-0.0415230905230961,2.9530525565056496,-1.1528388987317209,-1.1762506568975017,-1.7191274728250685,-1.2123640849807797,-1.60858883289214,0.06315914524884461,0.1758919972159537,-1.1947191685480198,-1.1683182377884245,3.5972832855055805
138,1.5723514752182144,0.3609951922718523,-0.004464336799501713,-0.15724191446412641,-1.4503383214407268e-15,0.0,0.0,-1.2603012058649779e-15,-1.0529383633796975e-15,-0.6079889033599093,-0.6503193949889321,0.0,0.0,5.21209314175732e-16,4.1582232089914154e-16,-3.7216958725577257e-16,-0.4512100684261053,-0.3164609941213875,0.0,-3.4247806969477734e-16,-2.0901235711123245e-16,-2.722944529134265e-16,0.0,-1.017141569531953,-1.2976751511043403,6.178833578533086e-16,0.0,4.2618945840929717e-16,-3.1779744506618205e-16,0.0,-0.3572373976452945,-0.05370376656536086,-9.398381539975777e-16,0.0,0.0,-5.554684130120523e-16,-4.681639824092465e-16
139,1.5878275828082429,-0.2125629361543095,-1.0297367166849838,-0.5522838644764517,-0.4105302611921346,-2.8407230234951624,-3.107316570560126,-0.2957791713989608,-0.3901747373462943,-0.14899378487584097,0.33990114959698187,-1.0495072061681394,7.510722574755616,6.450083301992241,-0.34999193189114525,1.0413581486311334,3.382262327299329,0.7421627030170999,-0.7928056305214668,-1.8905648806472448,-1.6480448526307436,-0.5115349839323454,-0.70319541472447,-0.1989020587655066,-0.3699307759892771,-1.683315654033185,-2.438293817094417,-2.280478576804511,-1.8274614240041074,-1.0005156234102368,-0.9256742129261084,-0.45757001755933,3.528645230106974,2.9260381173081536,-0.3149964876294857,1.5209096504080213,3.7343307893928084
140,1.6033036903982716,-1.3944402916991272,-1.4639697246364822,-0.6871104685762213,-1.4503383214407268e-15,0.0,0.0,-1.2603012058649779e-15,-1.0529383633796975e-15,-0.9358425594199581,-0.8722653791202577,0.0,0.0,5.21209314175732e-16,4.1582232089914154e-16,-3.7216958725577257e-16,-0.3345203788155227,-0.3098856916546888,0.0,-3.4247806969477734e-16,-2.0901235711123245e-16,-2.722944529134265e-16,0.0,-1.0909032025779848,-1.3764458999348645,6.178833578533086e-16,0.0,4.2618945840929717e-16,-3.1779744506618205e-16,0.0,1.4963609130530118,1.2588615491650357,-9.398381539975777e-16,0.0,0.0,-5.554684130120523e-16,-4.681639824092465e-16
141,1.6342559055783288,1.7340585906253905,-0.4266353167523472,1.2004619888205528,-1.4503383214407268e-15,0.0,0.0,-1.2603012058649779e-15,-1.0529383633796975e-15,-0.7391303657839289,-0.8039743070798498,0.0,0.0,5.21209314175732e-16,4.1582232089914154e-16,-3.7216958725577257e-16,-0.5073939930534228,-0.22221499209870643,0.0,-3.4247806969477734e-16,-2.0901235711123245e-16,-2.722944529134265e-16,0.0,-1.0909032025779848,-1.1620144170073265,6.178833578533086e-16,0.0,4.2618945840929717e-16,-3.1779744506618205e-16,0.0,1.6446487779088765,1.3598281119135274,-9.398381539975777e-16,0.0,0.0,-5.554684130120523e-16,-4.681639824092465e-16
142,1.6497320131683575,-0.838262712619213,-0.3542631487604309,-0.4444225811966359,-1.4503383214407268e-15,0.0,0.0,-1.2603012058649779e-15,-1.0529383633796975e-15,-0.45499053053188654,2.115469022647586,0.0,0.0,5.21209314175732e-16,4.1582232089914154e-16,-3.7216958725577257e-16,4.41950401272673,-0.29235155174349237,0.0,-3.4247806969477734e-16,-2.0901235711123245e-16,-2.722944529134265e-16,0.0,-0.13028658616454683,0.08081295342983398,6.178833578533086e-16,0.0,4.2618945840929717e-16,-3.1779744506618205e-16,0.0,0.013482264494366734,0.45112904717709873,-9.398381539975777e-16,0.0,0.0,-5.554684130120523e-16,-4.681639824092465e-16
143,1.6961603359384434,-1.3596791930066328,-0.6919999327227074,-0.9432810163657832,-1.4503383214407268e-15,0.0,0.0,-1.2603012058649779e-15,-1.0529383633796975e-15,-0.4768474409358898,-0.2747184987666889,0.0,0.0,5.21209314175732e-16,4.1582232089914154e-16,-3.7216958725577257e-16,5.024561662559378,3.5914604385865276,0.0,-3.4247806969477734e-16,-2.0901235711123245e-16,-2.722944529134265e-16,0.0,0.40834487375298817,0.006418357312116666,6.178833578533086e-16,0.0,4.2618945840929717e-16,-3.1779744506618205e-16,0.0,1.4963609130530118,1.5617612374105119,-9.398381539975777e-16,0.0,0.0,-5.554684130120523e-16,-4.681639824092465e-16
144,1.7116364435284719,-0.2125629361543095,-0.13714664478468191,0.49936364750175105,-1.4503383214407268e-15,0.0,0.0,-1.2603012058649779e-15,-1.0529383633796975e-15,3.9601053710767706,5.017839584364921,0.0,0.0,5.21209314175732e-16,4.1582232089914154e-16,-3.7216958725577257e-16,0.3569740781360775,0.040797106569240814,0.0,-3.4247806969477734e-16,-2.0901235711123245e-16,-2.722944529134265e-16,0.0,-0.9090722001854412,-0.06360008609279384,6.178833578533086e-16,0.0,4.2618945840929717e-16,-3.1779744506618205e-16,0.0,0.9032094536295536,1.1578949864165435,-9.398381539975777e-16,0.0,0.0,-5.554684130120523e-16,-4.681639824092465e-16
145,1.7271125511185006,0.23933134684812113,0.10409391518837267,1.3352885929203222,-1.4503383214407268e-15,0.0,0.0,-1.2603012058649779e-15,-1.0529383633796975e-15,-0.6079889033599093,-0.2747184987666889,0.0,0.0,5.21209314175732e-16,4.1582232089914154e-16,-3.7216958725577257e-16,0.8755949208497777,-0.22221499209870643,0.0,-3.4247806969477734e-16,-2.0901235711123245e-16,-2.722944529134265e-16,0.0,-0.02736337726310694,0.15520754954755128,6.178833578533086e-16,0.0,4.2618945840929717e-16,-3.1779744506618205e-16,0.0,0.11234084106494316,1.4607946746620197,-9.398381539975777e-16,0.0,0.0,-5.554684130120523e-16,-4.681639824092465e-16
146,1.742588658708529,-0.9425460086966969,-0.6437518207280964,-0.39049193955672806,-1.4503383214407268e-15,0.0,0.0,-1.2603012058649779e-15,-1.0529383633796975e-15,-0.8702718282079484,-0.6844649310091361,0.0,0.0,5.21209314175732e-16,4.1582232089914154e-16,-3.7216958725577257e-16,0.18410046389817752,-0.2572832719210994,0.0,-3.4247806969477734e-16,-2.0901235711123245e-16,-2.722944529134265e-16,0.0,-1.0909032025779848,-1.3764458999348645,6.178833578533086e-16,0.0,4.2618945840929717e-16,-3.1779744506618205e-16,0.0,-0.777386348070244,-0.4070867361850842,-9.398381539975777e-16,0.0,0.0,-5.554684130120523e-16,-4.681639824092465e-16
